date,strategy_id,eur_value,usd_value,gbp_value,jpy_value,chf_value,aud_value,cad_value,nok_value,sek_value,cny_value,mxn_value,eur_pct_change,usd_pct_change,gbp_pct_change,jpy_pct_change,chf_pct_change,aud_pct_change,cad_pct_change,nok_pct_change,sek_pct_change,cny_pct_change,mxn_pct_change,avg_pct_change,value,eur_signal,usd_signal,gbp_signal,jpy_signal,chf_signal,aud_signal,cad_signal,nok_signal,sek_signal,cny_signal,mxn_signal
2026-02-24,momentum-T1-size5,1100.00,1296.17,960.29,200887.30,1004.84,1834.03,1775.86,12396.67,11750.73,8939.65,22361.76,0.00,0.00,0.00,0.00,0.00,0.00,0.00,0.00,0.00,0.00,0.00,0.00,1.00,,,,,,,,,,,
2026-02-24,momentum-T1-size10,1099.99,1296.16,960.28,200885.69,1004.83,1834.01,1775.85,12396.57,11750.63,8939.58,22361.58,0.00,0.00,0.00,0.00,0.00,0.00,0.00,0.00,0.00,0.00,0.00,0.00,1.00,,,,,,,,,,,
2026-02-24,momentum-T1-size25,1099.96,1296.13,960.26,200880.81,1004.81,1833.97,1775.80,12396.27,11750.35,8939.36,22361.04,0.00,0.00,0.00,0.00,0.00,0.00,0.00,0.00,0.00,0.00,0.00,0.00,1.00,,,,,,,,,,,
2026-02-24,momentum-T1-size50,1099.92,1296.08,960.22,200872.72,1004.77,1833.89,1775.73,12395.77,11749.87,8939.00,22360.14,0.00,0.00,0.00,0.00,0.00,0.00,0.00,0.00,0.00,0.00,0.00,0.00,1.00,,,,,,,,,,,
2026-02-24,momentum-T2-size5,1099.99,1296.16,960.29,200886.20,1004.83,1834.02,1775.85,12396.60,11750.66,8939.60,22361.64,0.00,0.00,0.00,0.00,0.00,0.00,0.00,0.00,0.00,0.00,0.00,0.00,1.00,,,,,,,,,,,
2026-02-24,momentum-T2-size10,1099.98,1296.15,960.27,200883.50,1004.82,1833.99,1775.83,12396.43,11750.50,8939.48,22361.34,0.00,0.00,0.00,0.00,0.00,0.00,0.00,0.00,0.00,0.00,0.00,0.00,1.00,,,,,,,,,,,
2026-02-24,momentum-T2-size25,1099.93,1296.09,960.23,200875.54,1004.78,1833.92,1775.76,12395.94,11750.04,8939.13,22360.45,0.00,0.00,0.00,0.00,0.00,0.00,0.00,0.00,0.00,0.00,0.00,0.00,1.00,,,,,,,,,,,
2026-02-24,momentum-T2-size50,1099.86,1296.01,960.17,200862.80,1004.72,1833.80,1775.64,12395.16,11749.29,8938.56,22359.03,0.00,0.00,0.00,0.00,0.00,0.00,0.00,0.00,0.00,0.00,0.00,0.00,1.00,,,,,,,,,,,
2026-02-24,momentum-T4-size5,1099.98,1296.15,960.28,200884.10,1004.82,1834.00,1775.83,12396.47,11750.54,8939.51,22361.40,0.00,0.00,0.00,0.00,0.00,0.00,0.00,0.00,0.00,0.00,0.00,0.00,1.00,,,,,,,,,,,
2026-02-24,momentum-T4-size10,1099.95,1296.12,960.25,200879.33,1004.80,1833.95,1775.79,12396.18,11750.26,8939.30,22360.87,0.00,0.00,0.00,0.00,0.00,0.00,0.00,0.00,0.00,0.00,0.00,0.00,1.00,,,,,,,,,,,
2026-02-24,momentum-T4-size25,1099.88,1296.03,960.19,200865.42,1004.73,1833.83,1775.67,12395.32,11749.45,8938.68,22359.32,0.00,0.00,0.00,0.00,0.00,0.00,0.00,0.00,0.00,0.00,0.00,0.00,1.00,,,,,,,,,,,
2026-02-24,momentum-T4-size50,1099.76,1295.89,960.08,200843.54,1004.62,1833.63,1775.47,12393.97,11748.17,8937.70,22356.89,0.00,0.00,0.00,0.00,0.00,0.00,0.00,0.00,0.00,0.00,0.00,0.00,1.00,,,,,,,,,,,
2026-02-24,momentum-T6-size5,1099.97,1296.14,960.27,200882.14,1004.81,1833.98,1775.81,12396.35,11750.42,8939.42,22361.19,0.00,0.00,0.00,0.00,0.00,0.00,0.00,0.00,0.00,0.00,0.00,0.00,1.00,,,,,,,,,,,
2026-02-24,momentum-T6-size10,1099.93,1296.09,960.23,200875.47,1004.78,1833.92,1775.76,12395.94,11750.03,8939.12,22360.44,0.00,0.00,0.00,0.00,0.00,0.00,0.00,0.00,0.00,0.00,0.00,0.00,1.00,,,,,,,,,,,
2026-02-24,momentum-T6-size25,1099.83,1295.97,960.14,200856.14,1004.68,1833.74,1775.58,12394.75,11748.90,8938.26,22358.29,0.00,0.00,0.00,0.00,0.00,0.00,0.00,0.00,0.00,0.00,0.00,0.00,1.00,,,,,,,,,,,
2026-02-24,momentum-T6-size50,1099.66,1295.78,960.00,200826.17,1004.53,1833.47,1775.32,12392.90,11747.15,8936.93,22354.95,0.00,0.00,0.00,0.00,0.00,0.00,0.00,0.00,0.00,0.00,0.00,0.00,1.00,,,,,,,,,,,
2026-02-25,momentum-T1-size5,1101.36,1298.19,960.76,201963.60,1003.72,1832.09,1777.47,12396.08,11722.77,8921.36,22295.61,0.12,0.16,0.05,0.54,-0.11,-0.11,0.09,-0.00,-0.24,-0.20,-0.30,-0.00,1.00,,,,,,,,,,,
2026-02-25,momentum-T1-size10,1101.34,1298.17,960.74,201960.06,1003.70,1832.05,1777.44,12395.86,11722.56,8921.21,22295.22,0.12,0.16,0.05,0.53,-0.11,-0.11,0.09,-0.01,-0.24,-0.21,-0.30,-0.00,1.00,,,,,,,,,,,
2026-02-25,momentum-T1-size25,1101.28,1298.10,960.69,201949.41,1003.65,1831.96,1777.34,12395.21,11721.94,8920.73,22294.04,0.12,0.15,0.04,0.53,-0.12,-0.11,0.09,-0.01,-0.24,-0.21,-0.30,-0.00,1.00,,,,,,,,,,,
2026-02-25,momentum-T1-size50,1101.19,1297.99,960.61,201931.68,1003.56,1831.80,1777.19,12394.12,11720.92,8919.95,22292.09,0.12,0.15,0.04,0.53,-0.12,-0.11,0.08,-0.01,-0.25,-0.21,-0.30,-0.01,1.00,,,,,,,,,,,
2026-02-25,momentum-T2-size5,1101.34,1298.17,960.74,201960.31,1003.70,1832.06,1777.44,12395.88,11722.58,8921.22,22295.25,0.12,0.15,0.05,0.53,-0.11,-0.11,0.09,-0.01,-0.24,-0.21,-0.30,-0.00,1.00,,,,,,,,,,,
2026-02-25,momentum-T2-size10,1101.30,1298.13,960.71,201953.54,1003.67,1832.00,1777.38,12395.46,11722.18,8920.92,22294.50,0.12,0.15,0.05,0.53,-0.11,-0.11,0.09,-0.01,-0.24,-0.21,-0.30,-0.00,1.00,,,,,,,,,,,
2026-02-25,momentum-T2-size25,1101.20,1298.00,960.62,201933.77,1003.57,1831.82,1777.20,12394.25,11721.04,8920.04,22292.32,0.11,0.15,0.04,0.53,-0.12,-0.11,0.08,-0.01,-0.25,-0.21,-0.30,-0.01,1.00,,,,,,,,,,,
2026-02-25,momentum-T2-size50,1101.03,1297.80,960.47,201902.54,1003.41,1831.53,1776.93,12392.33,11719.22,8918.66,22288.87,0.11,0.14,0.03,0.52,-0.13,-0.12,0.07,-0.02,-0.26,-0.22,-0.31,-0.02,1.00,,,,,,,,,,,
2026-02-25,momentum-T4-size5,1101.31,1298.13,960.71,201954.20,1003.67,1832.00,1777.38,12395.50,11722.22,8920.95,22294.57,0.12,0.15,0.05,0.53,-0.11,-0.11,0.09,-0.01,-0.24,-0.21,-0.30,-0.00,1.00,,,,,,,,,,,
2026-02-25,momentum-T4-size10,1101.24,1298.05,960.65,201941.63,1003.61,1831.89,1777.27,12394.73,11721.49,8920.39,22293.18,0.12,0.15,0.04,0.53,-0.12,-0.11,0.08,-0.01,-0.24,-0.21,-0.30,-0.01,1.00,,,,,,,,,,,
2026-02-25,momentum-T4-size25,1101.05,1297.82,960.48,201906.19,1003.43,1831.57,1776.96,12392.55,11719.44,8918.83,22289.27,0.11,0.14,0.03,0.52,-0.13,-0.12,0.07,-0.02,-0.26,-0.22,-0.31,-0.02,1.00,,,,,,,,,,,
2026-02-25,momentum-T4-size50,1100.76,1297.49,960.24,201854.12,1003.17,1831.09,1776.50,12389.36,11716.41,8916.53,22283.52,0.09,0.12,0.02,0.50,-0.14,-0.14,0.06,-0.04,-0.27,-0.24,-0.33,-0.03,1.00,,,,,,,,,,,
2026-02-25,momentum-T6-size5,1101.29,1298.10,960.69,201950.05,1003.65,1831.96,1777.35,12395.25,11721.98,8920.76,22294.11,0.12,0.15,0.04,0.53,-0.12,-0.11,0.09,-0.01,-0.24,-0.21,-0.30,-0.00,1.00,,,,,,,,,,,
2026-02-25,momentum-T6-size10,1101.20,1298.00,960.61,201933.49,1003.57,1831.81,1777.20,12394.23,11721.02,8920.03,22292.29,0.11,0.15,0.04,0.53,-0.12,-0.11,0.08,-0.01,-0.25,-0.21,-0.30,-0.01,1.00,,,,,,,,,,,
2026-02-25,momentum-T6-size25,1100.94,1297.70,960.39,201886.89,1003.34,1831.39,1776.79,12391.37,11718.32,8917.97,22287.14,0.10,0.13,0.03,0.51,-0.13,-0.13,0.07,-0.03,-0.26,-0.23,-0.32,-0.02,1.00,,,,,,,,,,,
2026-02-25,momentum-T6-size50,1100.57,1297.26,960.07,201818.79,1003.00,1830.77,1776.19,12387.19,11714.36,8914.96,22279.62,0.08,0.11,0.01,0.49,-0.15,-0.15,0.05,-0.05,-0.28,-0.25,-0.34,-0.04,1.00,,,,,,,,,,,
2026-02-26,momentum-T1-size5,1100.17,1300.34,958.83,202753.90,1003.42,1826.26,1777.34,12410.50,11729.48,8901.59,22330.95,-0.11,0.17,-0.20,0.39,-0.03,-0.32,-0.01,0.12,0.06,-0.22,0.16,0.00,1.00,,,,,,,,,,,
2026-02-26,momentum-T1-size10,1100.15,1300.32,958.81,202750.23,1003.41,1826.23,1777.31,12410.28,11729.26,8901.43,22330.55,-0.11,0.17,-0.20,0.39,-0.03,-0.32,-0.01,0.12,0.06,-0.22,0.16,0.00,1.00,,,,,,,,,,,
2026-02-26,momentum-T1-size25,1100.09,1300.25,958.76,202739.51,1003.35,1826.13,1777.22,12409.62,11728.64,8900.96,22329.37,-0.11,0.17,-0.20,0.39,-0.03,-0.32,-0.01,0.12,0.06,-0.22,0.16,0.00,1.00,,,,,,,,,,,
2026-02-26,momentum-T1-size50,1100.00,1300.14,958.68,202722.66,1003.27,1825.98,1777.07,12408.59,11727.67,8900.22,22327.51,-0.11,0.17,-0.20,0.39,-0.03,-0.32,-0.01,0.12,0.06,-0.22,0.16,0.00,1.00,,,,,,,,,,,
2026-02-26,momentum-T2-size5,1100.15,1300.32,958.81,202749.86,1003.40,1826.23,1777.31,12410.26,11729.24,8901.42,22330.51,-0.11,0.17,-0.20,0.39,-0.03,-0.32,-0.01,0.12,0.06,-0.22,0.16,0.00,1.00,,,,,,,,,,,
2026-02-26,momentum-T2-size10,1100.11,1300.27,958.77,202742.37,1003.37,1826.16,1777.24,12409.80,11728.81,8901.09,22329.68,-0.11,0.17,-0.20,0.39,-0.03,-0.32,-0.01,0.12,0.06,-0.22,0.16,-0.00,1.00,,,,,,,,,,,
2026-02-26,momentum-T2-size25,1100.00,1300.14,958.68,202721.59,1003.26,1825.97,1777.06,12408.53,11727.61,8900.18,22327.40,-0.11,0.16,-0.20,0.39,-0.03,-0.32,-0.01,0.12,0.06,-0.22,0.16,-0.00,1.00,,,,,,,,,,,
2026-02-26,momentum-T2-size50,1099.84,1299.95,958.54,202692.06,1003.12,1825.70,1776.80,12406.72,11725.90,8898.88,22324.14,-0.11,0.17,-0.20,0.39,-0.03,-0.32,-0.01,0.12,0.06,-0.22,0.16,0.00,1.00,,,,,,,,,,,
2026-02-26,momentum-T4-size5,1100.10,1300.26,958.77,202741.50,1003.36,1826.15,1777.24,12409.75,11728.76,8901.05,22329.59,-0.11,0.16,-0.20,0.39,-0.03,-0.32,-0.01,0.11,0.06,-0.22,0.16,-0.00,1.00,,,,,,,,,,,
2026-02-26,momentum-T4-size10,1100.02,1300.17,958.70,202726.21,1003.29,1826.01,1777.10,12408.81,11727.88,8900.38,22327.90,-0.11,0.16,-0.20,0.39,-0.03,-0.32,-0.01,0.11,0.05,-0.22,0.16,-0.00,1.00,,,,,,,,,,,
2026-02-26,momentum-T4-size25,1099.80,1299.90,958.50,202685.15,1003.08,1825.64,1776.74,12406.30,11725.50,8898.57,22323.38,-0.11,0.16,-0.21,0.39,-0.03,-0.32,-0.01,0.11,0.05,-0.23,0.15,-0.01,1.00,,,,,,,,,,,
2026-02-26,momentum-T4-size50,1099.50,1299.55,958.25,202630.88,1002.82,1825.15,1776.27,12402.98,11722.36,8896.19,22317.40,-0.11,0.16,-0.21,0.38,-0.04,-0.32,-0.01,0.11,0.05,-0.23,0.15,-0.01,1.00,,,,,,,,,,,
2026-02-26,momentum-T6-size5,1100.08,1300.23,958.75,202736.52,1003.34,1826.10,1777.19,12409.44,11728.47,8900.83,22329.04,-0.11,0.16,-0.20,0.39,-0.03,-0.32,-0.01,0.11,0.06,-0.22,0.16,-0.00,1.00,,,,,,,,,,,
2026-02-26,momentum-T6-size10,1099.97,1300.11,958.65,202716.77,1003.24,1825.93,1777.02,12408.23,11727.33,8899.96,22326.86,-0.11,0.16,-0.20,0.39,-0.03,-0.32,-0.01,0.11,0.05,-0.22,0.16,-0.00,1.00,,,,,,,,,,,
2026-02-26,momentum-T6-size25,1099.69,1299.77,958.41,202664.70,1002.98,1825.46,1776.56,12405.05,11724.32,8897.68,22321.13,-0.11,0.16,-0.21,0.39,-0.04,-0.32,-0.01,0.11,0.05,-0.23,0.15,-0.01,1.00,,,,,,,,,,,
2026-02-26,momentum-T6-size50,1099.33,1299.35,958.09,202598.32,1002.65,1824.86,1775.98,12400.98,11720.48,8894.76,22313.82,-0.11,0.16,-0.21,0.39,-0.03,-0.32,-0.01,0.11,0.05,-0.23,0.15,-0.00,1.00,,,,,,,,,,,
2026-02-27,momentum-T1-size5,1100.34,1298.14,962.62,202267.54,1004.10,1824.51,1774.98,12403.11,11756.04,8904.75,22321.83,0.02,-0.17,0.40,-0.24,0.07,-0.10,-0.13,-0.06,0.23,0.04,-0.04,0.00,1.00,,,,,,,,,,,
2026-02-27,momentum-T1-size10,1100.32,1298.11,962.61,202264.15,1004.08,1824.48,1774.95,12402.91,11755.84,8904.60,22321.46,0.02,-0.17,0.40,-0.24,0.07,-0.10,-0.13,-0.06,0.23,0.04,-0.04,0.00,1.00,,,,,,,,,,,
2026-02-27,momentum-T1-size25,1100.27,1298.05,962.56,202254.63,1004.03,1824.39,1774.86,12402.32,11755.29,8904.18,22320.41,0.02,-0.17,0.40,-0.24,0.07,-0.10,-0.13,-0.06,0.23,0.04,-0.04,0.00,1.00,,,,,,,,,,,
2026-02-27,momentum-T1-size50,1100.19,1297.97,962.50,202240.94,1003.97,1824.27,1774.74,12401.48,11754.49,8903.58,22318.90,0.02,-0.17,0.40,-0.24,0.07,-0.09,-0.13,-0.06,0.23,0.04,-0.04,0.00,1.00,,,,,,,,,,,
2026-02-27,momentum-T2-size5,1100.31,1298.11,962.60,202263.17,1004.08,1824.47,1774.94,12402.85,11755.79,8904.56,22321.35,0.01,-0.17,0.40,-0.24,0.07,-0.10,-0.13,-0.06,0.23,0.04,-0.04,-0.00,1.00,,,,,,,,,,,
2026-02-27,momentum-T2-size10,1100.27,1298.06,962.57,202255.69,1004.04,1824.40,1774.87,12402.39,11755.35,8904.23,22320.53,0.01,-0.17,0.40,-0.24,0.07,-0.10,-0.13,-0.06,0.23,0.04,-0.04,-0.00,1.00,,,,,,,,,,,
2026-02-27,momentum-T2-size25,1100.16,1297.93,962.47,202235.60,1003.94,1824.22,1774.70,12401.15,11754.18,8903.34,22318.31,0.02,-0.17,0.40,-0.24,0.07,-0.10,-0.13,-0.06,0.23,0.04,-0.04,0.00,1.00,,,,,,,,,,,
2026-02-27,momentum-T2-size50,1100.02,1297.76,962.35,202209.10,1003.81,1823.98,1774.46,12399.53,11752.64,8902.18,22315.38,0.02,-0.17,0.40,-0.24,0.07,-0.09,-0.13,-0.06,0.23,0.04,-0.04,0.00,1.00,,,,,,,,,,,
2026-02-27,momentum-T4-size5,1100.27,1298.05,962.56,202254.90,1004.03,1824.39,1774.87,12402.34,11755.31,8904.19,22320.44,0.01,-0.17,0.40,-0.24,0.07,-0.10,-0.13,-0.06,0.23,0.04,-0.04,-0.00,1.00,,,,,,,,,,,
2026-02-27,momentum-T4-size10,1100.19,1297.96,962.49,202240.06,1003.96,1824.26,1774.74,12401.43,11754.44,8903.54,22318.80,0.02,-0.17,0.40,-0.24,0.07,-0.10,-0.13,-0.06,0.23,0.04,-0.04,0.00,1.00,,,,,,,,,,,
2026-02-27,momentum-T4-size25,1099.99,1297.72,962.32,202202.79,1003.78,1823.92,1774.41,12399.14,11752.28,8901.90,22314.69,0.02,-0.17,0.40,-0.24,0.07,-0.09,-0.13,-0.06,0.23,0.04,-0.04,0.00,1.00,,,,,,,,,,,
2026-02-27,momentum-T4-size50,1099.75,1297.45,962.11,202160.39,1003.57,1823.54,1774.04,12396.54,11749.81,8900.03,22310.01,0.02,-0.16,0.40,-0.23,0.07,-0.09,-0.13,-0.05,0.23,0.04,-0.03,0.01,1.00,,,,,,,,,,,
2026-02-27,momentum-T6-size5,1100.23,1298.01,962.53,202248.03,1004.00,1824.33,1774.81,12401.92,11754.91,8903.89,22319.68,0.01,-0.17,0.39,-0.24,0.07,-0.10,-0.13,-0.06,0.23,0.03,-0.04,-0.00,1.00,,,,,,,,,,,
2026-02-27,momentum-T6-size10,1100.12,1297.88,962.43,202227.06,1003.90,1824.14,1774.62,12400.63,11753.69,8902.97,22317.37,0.01,-0.17,0.39,-0.24,0.07,-0.10,-0.13,-0.06,0.22,0.03,-0.04,-0.00,1.00,,,,,,,,,,,
2026-02-27,momentum-T6-size25,1099.83,1297.54,962.18,202174.53,1003.64,1823.67,1774.16,12397.41,11750.63,8900.66,22311.57,0.01,-0.17,0.39,-0.24,0.07,-0.10,-0.14,-0.06,0.22,0.03,-0.04,-0.00,1.00,,,,,,,,,,,
2026-02-27,momentum-T6-size50,1099.50,1297.15,961.90,202114.30,1003.34,1823.13,1773.63,12393.72,11747.13,8898.00,22304.92,0.02,-0.17,0.40,-0.24,0.07,-0.10,-0.13,-0.06,0.23,0.04,-0.04,0.00,1.00,,,,,,,,,,,
2026-02-28,momentum-T1-size5,1100.95,1299.74,963.59,202828.30,1000.02,1825.30,1773.45,12361.60,11737.79,8913.89,22381.43,0.06,0.12,0.10,0.28,-0.41,0.04,-0.09,-0.33,-0.16,0.10,0.27,-0.00,1.00,,,,,,,,,,,
2026-02-28,momentum-T1-size10,1100.91,1299.70,963.56,202821.33,999.98,1825.23,1773.39,12361.17,11737.39,8913.58,22380.66,0.05,0.12,0.10,0.28,-0.41,0.04,-0.09,-0.34,-0.16,0.10,0.27,-0.00,1.00,,,,,,,,,,,
2026-02-28,momentum-T1-size25,1100.80,1299.57,963.47,202801.78,999.89,1825.06,1773.22,12359.98,11736.26,8912.72,22378.50,0.05,0.12,0.09,0.27,-0.41,0.04,-0.09,-0.34,-0.16,0.10,0.26,-0.01,1.00,,,,,,,,,,,
2026-02-28,momentum-T1-size50,1100.65,1299.39,963.33,202773.57,999.75,1824.80,1772.97,12358.26,11734.63,8911.48,22375.39,0.04,0.11,0.09,0.26,-0.42,0.03,-0.10,-0.35,-0.17,0.09,0.25,-0.01,1.00,,,,,,,,,,,
2026-02-28,momentum-T2-size5,1100.90,1299.69,963.56,202820.23,999.98,1825.22,1773.38,12361.11,11737.33,8913.53,22380.54,0.05,0.12,0.10,0.28,-0.41,0.04,-0.09,-0.34,-0.16,0.10,0.27,-0.00,1.00,,,,,,,,,,,
2026-02-28,momentum-T2-size10,1100.82,1299.60,963.49,202805.71,999.91,1825.09,1773.25,12360.22,11736.49,8912.90,22378.94,0.05,0.12,0.10,0.27,-0.41,0.04,-0.09,-0.34,-0.16,0.10,0.26,-0.01,1.00,,,,,,,,,,,
2026-02-28,momentum-T2-size25,1100.61,1299.35,963.30,202766.68,999.71,1824.74,1772.91,12357.84,11734.23,8911.18,22374.63,0.04,0.11,0.09,0.26,-0.42,0.03,-0.10,-0.35,-0.17,0.09,0.25,-0.02,1.00,,,,,,,,,,,
2026-02-28,momentum-T2-size50,1100.33,1299.01,963.06,202714.89,999.46,1824.28,1772.46,12354.69,11731.23,8908.90,22368.91,0.03,0.10,0.07,0.25,-0.43,0.02,-0.11,-0.36,-0.18,0.08,0.24,-0.03,1.00,,,,,,,,,,,
2026-02-28,momentum-T4-size5,1100.81,1299.59,963.48,202804.01,999.90,1825.08,1773.24,12360.12,11736.39,8912.82,22378.75,0.05,0.12,0.10,0.27,-0.41,0.04,-0.09,-0.34,-0.16,0.10,0.26,-0.01,1.00,,,,,,,,,,,
2026-02-28,momentum-T4-size10,1100.66,1299.40,963.34,202774.97,999.75,1824.82,1772.98,12358.35,11734.71,8911.55,22375.54,0.04,0.11,0.09,0.26,-0.42,0.03,-0.10,-0.35,-0.17,0.09,0.25,-0.01,1.00,,,,,,,,,,,
2026-02-28,momentum-T4-size25,1100.26,1298.93,962.99,202701.25,999.39,1824.15,1772.34,12353.85,11730.44,8908.31,22367.41,0.02,0.09,0.07,0.25,-0.44,0.01,-0.12,-0.37,-0.19,0.07,0.24,-0.03,1.00,,,,,,,,,,,
2026-02-28,momentum-T4-size50,1099.78,1298.37,962.58,202614.53,998.96,1823.37,1771.58,12348.57,11725.42,8904.49,22357.84,0.00,0.07,0.05,0.22,-0.46,-0.01,-0.14,-0.39,-0.21,0.05,0.21,-0.05,1.00,,,,,,,,,,,
2026-02-28,momentum-T6-size5,1100.75,1299.51,963.43,202792.88,999.84,1824.98,1773.14,12359.44,11735.74,8912.33,22377.52,0.05,0.12,0.09,0.27,-0.41,0.04,-0.09,-0.34,-0.16,0.09,0.26,-0.01,1.00,,,,,,,,,,,
2026-02-28,momentum-T6-size10,1100.54,1299.27,963.24,202754.06,999.65,1824.63,1772.80,12357.07,11733.50,8910.63,22373.24,0.04,0.11,0.08,0.26,-0.42,0.03,-0.10,-0.35,-0.17,0.09,0.25,-0.02,1.00,,,,,,,,,,,
2026-02-28,momentum-T6-size25,1100.02,1298.64,962.78,202657.15,999.17,1823.76,1771.95,12351.17,11727.89,8906.37,22362.54,0.02,0.09,0.06,0.24,-0.44,0.00,-0.12,-0.37,-0.19,0.06,0.23,-0.04,1.00,,,,,,,,,,,
2026-02-28,momentum-T6-size50,1099.41,1297.93,962.25,202545.68,998.62,1822.75,1770.98,12344.37,11721.44,8901.47,22350.24,-0.01,0.06,0.04,0.21,-0.47,-0.02,-0.15,-0.40,-0.22,0.04,0.20,-0.06,1.00,,,,,,,,,,,
2026-03-01,momentum-T1-size5,1099.83,1299.61,963.77,202807.36,999.79,1827.14,1773.36,12359.11,11736.28,8912.38,22397.17,-0.10,-0.01,0.02,-0.01,-0.02,0.10,-0.00,-0.02,-0.01,-0.02,0.07,-0.00,1.00,,,,,,,,,,,
2026-03-01,momentum-T1-size10,1099.79,1299.56,963.73,202798.94,999.75,1827.06,1773.29,12358.59,11735.80,8912.01,22396.24,-0.10,-0.01,0.02,-0.01,-0.02,0.10,-0.01,-0.02,-0.01,-0.02,0.07,-0.00,1.00,,,,,,,,,,,
2026-03-01,momentum-T1-size25,1099.66,1299.41,963.62,202775.53,999.63,1826.85,1773.09,12357.17,11734.44,8910.98,22393.66,-0.10,-0.01,0.02,-0.01,-0.03,0.10,-0.01,-0.02,-0.02,-0.02,0.07,-0.00,1.00,,,,,,,,,,,
2026-03-01,momentum-T1-size50,1099.48,1299.20,963.46,202742.29,999.47,1826.55,1772.80,12355.14,11732.52,8909.52,22389.99,-0.11,-0.01,0.01,-0.02,-0.03,0.10,-0.01,-0.03,-0.02,-0.02,0.07,-0.01,1.00,,,,,,,,,,,
2026-03-01,momentum-T2-size5,1099.79,1299.56,963.73,202798.66,999.75,1827.06,1773.29,12358.58,11735.78,8911.99,22396.21,-0.10,-0.01,0.02,-0.01,-0.02,0.10,-0.01,-0.02,-0.01,-0.02,0.07,-0.00,1.00,,,,,,,,,,,
2026-03-01,momentum-T2-size10,1099.70,1299.45,963.65,202782.16,999.67,1826.91,1773.14,12357.57,11734.82,8911.27,22394.39,-0.10,-0.01,0.02,-0.01,-0.02,0.10,-0.01,-0.02,-0.01,-0.02,0.07,-0.00,1.00,,,,,,,,,,,
2026-03-01,momentum-T2-size25,1099.46,1299.17,963.44,202738.19,999.45,1826.52,1772.76,12354.89,11732.28,8909.34,22389.53,-0.10,-0.01,0.01,-0.01,-0.03,0.10,-0.01,-0.02,-0.02,-0.02,0.07,-0.00,1.00,,,,,,,,,,,
2026-03-01,momentum-T2-size50,1099.15,1298.80,963.17,202680.76,999.17,1826.00,1772.26,12351.39,11728.96,8906.81,22383.19,-0.11,-0.02,0.01,-0.02,-0.03,0.09,-0.01,-0.03,-0.02,-0.02,0.06,-0.01,1.00,,,,,,,,,,,
2026-03-01,momentum-T4-size5,1099.68,1299.44,963.64,202780.00,999.65,1826.89,1773.12,12357.44,11734.70,8911.17,22394.15,-0.10,-0.01,0.02,-0.01,-0.02,0.10,-0.01,-0.02,-0.01,-0.02,0.07,-0.00,1.00,,,,,,,,,,,
2026-03-01,momentum-T4-size10,1099.50,1299.22,963.48,202746.75,999.49,1826.59,1772.83,12355.41,11732.78,8909.71,22390.48,-0.10,-0.01,0.01,-0.01,-0.03,0.10,-0.01,-0.02,-0.02,-0.02,0.07,-0.00,1.00,,,,,,,,,,,
2026-03-01,momentum-T4-size25,1099.05,1298.68,963.08,202662.45,999.08,1825.83,1772.10,12350.28,11727.90,8906.01,22381.17,-0.11,-0.02,0.01,-0.02,-0.03,0.09,-0.01,-0.03,-0.02,-0.03,0.06,-0.01,1.00,,,,,,,,,,,
2026-03-01,momentum-T4-size50,1098.51,1298.05,962.61,202562.98,998.59,1824.94,1771.23,12344.21,11722.14,8901.64,22370.18,-0.12,-0.03,0.00,-0.03,-0.04,0.09,-0.02,-0.04,-0.03,-0.03,0.06,-0.02,1.00,,,,,,,,,,,
2026-03-01,momentum-T6-size5,1099.62,1299.36,963.58,202767.27,999.59,1826.78,1773.01,12356.66,11733.96,8910.62,22392.74,-0.10,-0.01,0.02,-0.01,-0.03,0.10,-0.01,-0.02,-0.02,-0.02,0.07,-0.00,1.00,,,,,,,,,,,
2026-03-01,momentum-T6-size10,1099.38,1299.07,963.37,202722.86,999.37,1826.38,1772.63,12353.96,11731.39,8908.66,22387.84,-0.11,-0.01,0.01,-0.02,-0.03,0.10,-0.01,-0.03,-0.02,-0.02,0.07,-0.01,1.00,,,,,,,,,,,
2026-03-01,momentum-T6-size25,1098.77,1298.36,962.85,202612.12,998.83,1825.38,1771.66,12347.21,11724.98,8903.80,22375.61,-0.11,-0.02,0.01,-0.02,-0.03,0.09,-0.02,-0.03,-0.02,-0.03,0.06,-0.01,1.00,,,,,,,,,,,
2026-03-01,momentum-T6-size50,1098.08,1297.54,962.24,202484.12,998.20,1824.23,1770.54,12339.41,11717.58,8898.17,22361.47,-0.12,-0.03,-0.00,-0.03,-0.04,0.08,-0.02,-0.04,-0.03,-0.04,0.05,-0.02,1.00,,,,,,,,,,,
2026-03-02,momentum-T1-size5,1101.32,1297.97,965.57,202929.14,997.76,1827.29,1771.61,12350.19,11751.40,8915.74,22384.73,0.14,-0.13,0.19,0.06,-0.20,0.01,-0.10,-0.07,0.13,0.04,-0.06,0.00,1.00,,,,,,,,,,,
2026-03-02,momentum-T1-size10,1101.28,1297.91,965.53,202920.19,997.71,1827.21,1771.54,12349.64,11750.88,8915.35,22383.75,0.14,-0.13,0.19,0.06,-0.20,0.01,-0.10,-0.07,0.13,0.04,-0.06,-0.00,1.00,,,,,,,,,,,
2026-03-02,momentum-T1-size25,1101.14,1297.75,965.41,202895.63,997.59,1826.99,1771.32,12348.15,11749.46,8914.27,22381.04,0.13,-0.13,0.19,0.06,-0.20,0.01,-0.10,-0.07,0.13,0.04,-0.06,-0.00,1.00,,,,,,,,,,,
2026-03-02,momentum-T1-size50,1100.96,1297.53,965.25,202861.51,997.43,1826.68,1771.02,12346.07,11747.48,8912.77,22377.27,0.13,-0.13,0.19,0.06,-0.20,0.01,-0.10,-0.07,0.13,0.04,-0.06,-0.00,1.00,,,,,,,,,,,
2026-03-02,momentum-T2-size5,1101.26,1297.90,965.52,202918.12,997.70,1827.19,1771.52,12349.52,11750.76,8915.26,22383.52,0.13,-0.13,0.19,0.06,-0.20,0.01,-0.10,-0.07,0.13,0.04,-0.06,-0.00,1.00,,,,,,,,,,,
2026-03-02,momentum-T2-size10,1101.16,1297.77,965.43,202898.97,997.61,1827.02,1771.35,12348.35,11749.65,8914.42,22381.41,0.13,-0.13,0.18,0.06,-0.21,0.01,-0.10,-0.07,0.13,0.04,-0.06,-0.00,1.00,,,,,,,,,,,
2026-03-02,momentum-T2-size25,1100.89,1297.45,965.19,202848.36,997.36,1826.57,1770.91,12345.27,11746.72,8912.19,22375.82,0.13,-0.13,0.18,0.05,-0.21,0.00,-0.10,-0.08,0.12,0.03,-0.06,-0.01,1.00,,,,,,,,,,,
2026-03-02,momentum-T2-size50,1100.53,1297.03,964.88,202783.44,997.04,1825.98,1770.34,12341.32,11742.96,8909.34,22368.66,0.13,-0.14,0.18,0.05,-0.21,-0.00,-0.11,-0.08,0.12,0.03,-0.06,-0.01,1.00,,,,,,,,,,,
2026-03-02,momentum-T4-size5,1101.14,1297.75,965.41,202895.77,997.59,1826.99,1771.32,12348.16,11749.47,8914.28,22381.05,0.13,-0.13,0.18,0.06,-0.21,0.01,-0.10,-0.08,0.13,0.03,-0.06,-0.00,1.00,,,,,,,,,,,
2026-03-02,momentum-T4-size10,1100.93,1297.50,965.22,202856.37,997.40,1826.64,1770.98,12345.76,11747.19,8912.55,22376.71,0.13,-0.13,0.18,0.05,-0.21,0.00,-0.10,-0.08,0.12,0.03,-0.06,-0.01,1.00,,,,,,,,,,,
2026-03-02,momentum-T4-size25,1100.38,1296.86,964.74,202755.85,996.91,1825.73,1770.10,12339.64,11741.37,8908.13,22365.62,0.12,-0.14,0.17,0.05,-0.22,-0.01,-0.11,-0.09,0.11,0.02,-0.07,-0.01,1.00,,,,,,,,,,,
2026-03-02,momentum-T4-size50,1099.73,1296.08,964.17,202634.70,996.31,1824.64,1769.04,12332.27,11734.35,8902.81,22352.25,0.11,-0.15,0.16,0.04,-0.23,-0.02,-0.12,-0.10,0.10,0.01,-0.08,-0.02,1.00,,,,,,,,,,,
2026-03-02,momentum-T6-size5,1101.07,1297.66,965.34,202881.77,997.53,1826.87,1771.20,12347.30,11748.66,8913.66,22379.51,0.13,-0.13,0.18,0.06,-0.21,0.00,-0.10,-0.08,0.13,0.03,-0.06,-0.00,1.00,,,,,,,,,,,
2026-03-02,momentum-T6-size10,1100.79,1297.33,965.10,202830.10,997.27,1826.40,1770.75,12344.16,11745.67,8911.39,22373.81,0.13,-0.13,0.18,0.05,-0.21,0.00,-0.11,-0.08,0.12,0.03,-0.06,-0.01,1.00,,,,,,,,,,,
2026-03-02,momentum-T6-size25,1100.08,1296.50,964.48,202700.56,996.63,1825.23,1769.62,12336.27,11738.16,8905.70,22359.52,0.12,-0.14,0.17,0.04,-0.22,-0.01,-0.12,-0.09,0.11,0.02,-0.07,-0.02,1.00,,,,,,,,,,,
2026-03-02,momentum-T6-size50,1099.25,1295.53,963.76,202547.75,995.88,1823.86,1768.29,12326.97,11729.31,8898.99,22342.66,0.11,-0.16,0.16,0.03,-0.23,-0.02,-0.13,-0.10,0.10,0.01,-0.08,-0.03,1.00,,,,,,,,,,,
2026-03-03,momentum-T1-size5,1104.49,1291.96,963.58,203131.97,1007.00,1818.67,1765.17,12347.50,11834.75,8890.89,22354.75,0.29,-0.46,-0.21,0.10,0.93,-0.47,-0.36,-0.02,0.71,-0.28,-0.13,0.01,1.00,,,,,,,,,,,
2026-03-03,momentum-T1-size10,1104.51,1291.98,963.60,203135.30,1007.02,1818.70,1765.20,12347.70,11834.94,8891.03,22355.12,0.29,-0.46,-0.20,0.11,0.93,-0.47,-0.36,-0.02,0.72,-0.27,-0.13,0.01,1.00,,,,,,,,,,,
2026-03-03,momentum-T1-size25,1104.57,1292.05,963.65,203145.76,1007.07,1818.80,1765.29,12348.34,11835.55,8891.49,22356.27,0.31,-0.44,-0.18,0.12,0.95,-0.45,-0.34,0.00,0.73,-0.26,-0.11,0.03,1.00,,,,,,,,,,,
2026-03-03,momentum-T1-size50,1104.67,1292.17,963.74,203164.20,1007.16,1818.96,1765.45,12349.46,11836.62,8892.30,22358.30,0.34,-0.41,-0.16,0.15,0.98,-0.42,-0.31,0.03,0.76,-0.23,-0.08,0.06,1.00,,,,,,,,,,,
2026-03-03,momentum-T2-size5,1104.48,1291.95,963.57,203130.20,1006.99,1818.66,1765.16,12347.39,11834.64,8890.81,22354.56,0.29,-0.46,-0.20,0.10,0.93,-0.47,-0.36,-0.02,0.71,-0.27,-0.13,0.01,1.00,,,,,,,,,,,
2026-03-03,momentum-T2-size10,1104.49,1291.96,963.58,203131.92,1007.00,1818.67,1765.17,12347.50,11834.74,8890.89,22354.74,0.30,-0.45,-0.19,0.11,0.94,-0.46,-0.35,-0.01,0.72,-0.26,-0.12,0.02,1.00,,,,,,,,,,,
2026-03-03,momentum-T2-size25,1104.53,1292.00,963.61,203138.34,1007.03,1818.73,1765.23,12347.89,11835.12,8891.17,22355.45,0.33,-0.42,-0.16,0.14,0.97,-0.43,-0.32,0.02,0.75,-0.24,-0.09,0.05,1.00,,,,,,,,,,,
2026-03-03,momentum-T2-size50,1104.60,1292.09,963.68,203151.93,1007.10,1818.85,1765.35,12348.71,11835.91,8891.76,22356.95,0.37,-0.38,-0.12,0.18,1.01,-0.39,-0.28,0.06,0.79,-0.20,-0.05,0.09,1.00,,,,,,,,,,,
2026-03-03,momentum-T4-size5,1104.42,1291.88,963.52,203119.34,1006.94,1818.56,1765.06,12346.73,11834.01,8890.34,22353.36,0.30,-0.45,-0.20,0.11,0.94,-0.46,-0.35,-0.01,0.72,-0.27,-0.12,0.02,1.00,,,,,,,,,,,
2026-03-03,momentum-T4-size10,1104.38,1291.83,963.48,203111.13,1006.90,1818.49,1764.99,12346.23,11833.53,8889.98,22352.46,0.31,-0.44,-0.18,0.13,0.95,-0.45,-0.34,0.00,0.74,-0.25,-0.11,0.03,1.00,,,,,,,,,,,
2026-03-03,momentum-T4-size25,1104.28,1291.71,963.39,203091.88,1006.80,1818.31,1764.83,12345.06,11832.41,8889.13,22350.34,0.35,-0.40,-0.14,0.17,0.99,-0.41,-0.30,0.04,0.78,-0.21,-0.07,0.07,1.00,,,,,,,,,,,
2026-03-03,momentum-T4-size50,1104.16,1291.57,963.29,203070.49,1006.70,1818.12,1764.64,12343.76,11831.16,8888.20,22347.98,0.40,-0.35,-0.09,0.22,1.04,-0.36,-0.25,0.09,0.83,-0.16,-0.02,0.12,1.00,,,,,,,,,,,
2026-03-03,momentum-T6-size5,1104.38,1291.83,963.48,203111.01,1006.90,1818.49,1764.99,12346.23,11833.53,8889.97,22352.44,0.30,-0.45,-0.19,0.11,0.94,-0.46,-0.35,-0.01,0.72,-0.27,-0.12,0.02,1.00,,,,,,,,,,,
2026-03-03,momentum-T6-size10,1104.30,1291.73,963.41,203095.58,1006.82,1818.35,1764.86,12345.29,11832.63,8889.30,22350.74,0.32,-0.43,-0.17,0.13,0.96,-0.44,-0.33,0.01,0.74,-0.25,-0.10,0.04,1.00,,,,,,,,,,,
2026-03-03,momentum-T6-size25,1104.10,1291.50,963.24,203059.27,1006.64,1818.02,1764.54,12343.08,11830.51,8887.71,22346.75,0.36,-0.39,-0.13,0.18,1.00,-0.40,-0.29,0.06,0.79,-0.20,-0.06,0.08,1.00,,,,,,,,,,,
2026-03-03,momentum-T6-size50,1103.87,1291.23,963.04,203016.89,1006.43,1817.64,1764.17,12340.50,11828.04,8885.85,22342.09,0.42,-0.33,-0.07,0.23,1.06,-0.34,-0.23,0.11,0.84,-0.15,-0.00,0.14,1.00,,,,,,,,,,,
2026-03-04,momentum-T1-size5,1104.92,1281.56,961.18,201895.45,1001.99,1827.96,1753.93,12415.38,11897.83,8869.34,22685.04,0.04,-0.81,-0.25,-0.61,-0.50,0.51,-0.64,0.55,0.53,-0.24,1.48,0.01,1.00,,,,,,,,,,,
2026-03-04,momentum-T1-size10,1104.95,1281.60,961.21,201902.21,1002.03,1828.02,1753.99,12415.80,11898.22,8869.64,22685.80,0.04,-0.80,-0.25,-0.61,-0.50,0.51,-0.64,0.55,0.53,-0.24,1.48,0.01,1.00,,,,,,,,,,,
2026-03-04,momentum-T1-size25,1105.05,1281.71,961.29,201919.20,1002.11,1828.18,1754.13,12416.84,11899.23,8870.39,22687.71,0.04,-0.80,-0.24,-0.60,-0.49,0.52,-0.63,0.55,0.54,-0.24,1.48,0.01,1.00,,,,,,,,,,,
2026-03-04,momentum-T1-size50,1105.15,1281.83,961.38,201937.97,1002.20,1828.35,1754.30,12418.00,11900.33,8871.21,22689.82,0.04,-0.80,-0.24,-0.60,-0.49,0.52,-0.63,0.55,0.54,-0.24,1.48,0.01,1.00,,,,,,,,,,,
2026-03-04,momentum-T2-size5,1104.90,1281.53,961.16,201891.46,1001.97,1827.93,1753.89,12415.14,11897.59,8869.17,22684.60,0.04,-0.81,-0.25,-0.61,-0.50,0.51,-0.64,0.55,0.53,-0.24,1.48,0.01,1.00,,,,,,,,,,,
2026-03-04,momentum-T2-size10,1104.91,1281.55,961.17,201894.46,1001.99,1827.95,1753.92,12415.32,11897.77,8869.30,22684.93,0.04,-0.81,-0.25,-0.61,-0.50,0.51,-0.64,0.55,0.53,-0.24,1.48,0.01,1.00,,,,,,,,,,,
2026-03-04,momentum-T2-size25,1104.95,1281.60,961.21,201901.49,1002.02,1828.02,1753.98,12415.75,11898.18,8869.61,22685.72,0.04,-0.81,-0.25,-0.61,-0.50,0.51,-0.64,0.55,0.53,-0.24,1.48,0.01,1.00,,,,,,,,,,,
2026-03-04,momentum-T2-size50,1104.98,1281.63,961.23,201907.09,1002.05,1828.07,1754.03,12416.10,11898.51,8869.85,22686.35,0.03,-0.81,-0.25,-0.61,-0.50,0.51,-0.64,0.55,0.53,-0.25,1.47,0.00,1.00,,,,,,,,,,,
2026-03-04,momentum-T4-size5,1104.82,1281.44,961.09,201877.14,1001.90,1827.80,1753.77,12414.26,11896.75,8868.54,22682.99,0.04,-0.81,-0.25,-0.61,-0.50,0.51,-0.64,0.55,0.53,-0.25,1.47,0.00,1.00,,,,,,,,,,,
2026-03-04,momentum-T4-size10,1104.77,1281.38,961.05,201867.82,1001.86,1827.71,1753.69,12413.68,11896.20,8868.13,22681.94,0.03,-0.81,-0.25,-0.61,-0.50,0.51,-0.64,0.55,0.53,-0.25,1.47,0.00,1.00,,,,,,,,,,,
2026-03-04,momentum-T4-size25,1104.65,1281.25,960.95,201847.04,1001.75,1827.52,1753.51,12412.40,11894.97,8867.21,22679.61,0.03,-0.81,-0.25,-0.61,-0.50,0.51,-0.64,0.55,0.53,-0.25,1.47,0.00,1.00,,,,,,,,,,,
2026-03-04,momentum-T4-size50,1104.54,1281.12,960.85,201826.82,1001.65,1827.34,1753.33,12411.16,11893.78,8866.33,22677.33,0.03,-0.81,-0.25,-0.61,-0.50,0.51,-0.64,0.55,0.53,-0.25,1.47,0.00,1.00,,,,,,,,,,,
2026-03-04,momentum-T6-size5,1104.74,1281.35,961.02,201862.28,1001.83,1827.66,1753.64,12413.34,11895.87,8867.88,22681.32,0.03,-0.81,-0.26,-0.61,-0.50,0.50,-0.64,0.54,0.53,-0.25,1.47,0.00,1.00,,,,,,,,,,,
2026-03-04,momentum-T6-size10,1104.61,1281.20,960.91,201839.30,1001.71,1827.45,1753.44,12411.93,11894.52,8866.88,22678.74,0.03,-0.82,-0.26,-0.62,-0.51,0.50,-0.65,0.54,0.52,-0.25,1.47,-0.00,1.00,,,,,,,,,,,
2026-03-04,momentum-T6-size25,1104.30,1280.84,960.64,201782.83,1001.43,1826.94,1752.95,12408.46,11891.19,8864.39,22672.39,0.02,-0.83,-0.27,-0.63,-0.52,0.49,-0.66,0.53,0.51,-0.26,1.46,-0.01,1.00,,,,,,,,,,,
2026-03-04,momentum-T6-size50,1103.91,1280.39,960.31,201712.53,1001.09,1826.31,1752.34,12404.13,11887.05,8861.31,22664.49,0.00,-0.84,-0.28,-0.64,-0.53,0.48,-0.67,0.52,0.50,-0.28,1.44,-0.03,1.00,,,,,,,,,,,
2026-03-05,momentum-T1-size5,1107.16,1286.93,963.21,201891.18,1003.48,1821.71,1756.12,12397.25,11819.55,8867.27,22686.58,0.20,0.42,0.21,-0.00,0.15,-0.34,0.13,-0.15,-0.66,-0.02,0.01,-0.01,1.00,,,,,,,,,,,
2026-03-05,momentum-T1-size10,1107.15,1286.92,963.20,201889.07,1003.47,1821.69,1756.10,12397.12,11819.42,8867.17,22686.34,0.20,0.41,0.21,-0.01,0.14,-0.35,0.12,-0.15,-0.66,-0.03,0.00,-0.01,1.00,,,,,,,,,,,
2026-03-05,momentum-T1-size25,1107.11,1286.88,963.17,201882.84,1003.44,1821.63,1756.05,12396.73,11819.06,8866.90,22685.64,0.19,0.40,0.20,-0.02,0.13,-0.36,0.11,-0.16,-0.67,-0.04,-0.01,-0.02,1.00,,,,,,,,,,,
2026-03-05,momentum-T1-size50,1107.06,1286.81,963.12,201872.53,1003.39,1821.54,1755.96,12396.10,11818.46,8866.45,22684.48,0.17,0.39,0.18,-0.03,0.12,-0.37,0.09,-0.18,-0.69,-0.05,-0.02,-0.04,1.00,,,,,,,,,,,
2026-03-05,momentum-T2-size5,1107.10,1286.86,963.16,201880.59,1003.43,1821.61,1756.03,12396.60,11818.93,8866.80,22685.39,0.20,0.42,0.21,-0.01,0.15,-0.35,0.12,-0.15,-0.66,-0.03,0.00,-0.01,1.00,,,,,,,,,,,
2026-03-05,momentum-T2-size10,1107.04,1286.79,963.10,201869.60,1003.37,1821.51,1755.93,12395.92,11818.29,8866.32,22684.15,0.19,0.41,0.20,-0.01,0.14,-0.35,0.11,-0.16,-0.67,-0.03,-0.00,-0.02,1.00,,,,,,,,,,,
2026-03-05,momentum-T2-size25,1106.91,1286.64,962.99,201845.20,1003.25,1821.29,1755.72,12394.42,11816.86,8865.25,22681.41,0.18,0.39,0.19,-0.03,0.12,-0.37,0.10,-0.17,-0.68,-0.05,-0.02,-0.03,1.00,,,,,,,,,,,
2026-03-05,momentum-T2-size50,1106.79,1286.50,962.89,201823.93,1003.15,1821.10,1755.54,12393.12,11815.61,8864.31,22679.02,0.16,0.38,0.17,-0.04,0.11,-0.38,0.09,-0.19,-0.70,-0.06,-0.03,-0.04,1.00,,,,,,,,,,,
2026-03-05,momentum-T4-size5,1107.00,1286.74,963.07,201862.17,1003.34,1821.45,1755.87,12395.47,11817.85,8865.99,22683.32,0.20,0.41,0.21,-0.01,0.14,-0.35,0.12,-0.15,-0.66,-0.03,0.00,-0.01,1.00,,,,,,,,,,,
2026-03-05,momentum-T4-size10,1106.86,1286.59,962.95,201837.37,1003.21,1821.22,1755.65,12393.94,11816.40,8864.90,22680.53,0.19,0.41,0.20,-0.02,0.14,-0.36,0.11,-0.16,-0.67,-0.04,-0.01,-0.02,1.00,,,,,,,,,,,
2026-03-05,momentum-T4-size25,1106.61,1286.29,962.73,201790.65,1002.98,1820.80,1755.25,12391.07,11813.66,8862.85,22675.28,0.18,0.39,0.19,-0.03,0.12,-0.37,0.10,-0.17,-0.68,-0.05,-0.02,-0.03,1.00,,,,,,,,,,,
2026-03-05,momentum-T4-size50,1106.47,1286.12,962.60,201764.82,1002.85,1820.57,1755.02,12389.49,11812.15,8861.72,22672.38,0.17,0.39,0.18,-0.03,0.12,-0.37,0.10,-0.17,-0.69,-0.05,-0.02,-0.03,1.00,,,,,,,,,,,
2026-03-05,momentum-T6-size5,1106.89,1286.61,962.97,201841.75,1003.23,1821.26,1755.69,12394.21,11816.65,8865.10,22681.02,0.19,0.41,0.20,-0.01,0.14,-0.35,0.12,-0.15,-0.67,-0.03,-0.00,-0.01,1.00,,,,,,,,,,,
2026-03-05,momentum-T6-size10,1106.66,1286.35,962.77,201800.58,1003.03,1820.89,1755.33,12391.68,11814.24,8863.29,22676.40,0.19,0.40,0.19,-0.02,0.13,-0.36,0.11,-0.16,-0.67,-0.04,-0.01,-0.02,1.00,,,,,,,,,,,
2026-03-05,momentum-T6-size25,1106.22,1285.84,962.39,201719.62,1002.63,1820.16,1754.63,12386.71,11809.50,8859.73,22667.30,0.17,0.39,0.18,-0.03,0.12,-0.37,0.10,-0.18,-0.69,-0.05,-0.02,-0.03,1.00,,,,,,,,,,,
2026-03-05,momentum-T6-size50,1105.87,1285.43,962.08,201656.06,1002.31,1819.59,1754.08,12382.81,11805.78,8856.94,22660.16,0.18,0.39,0.19,-0.03,0.12,-0.37,0.10,-0.17,-0.68,-0.05,-0.02,-0.03,1.00,,,,,,,,,,,
2026-03-06,momentum-T1-size5,1107.15,1286.92,963.20,201889.12,1003.47,1821.69,1756.10,12397.12,11819.43,8867.18,22686.35,-0.00,-0.00,-0.00,-0.00,-0.00,-0.00,-0.00,-0.00,-0.00,-0.00,-0.00,-0.00,1.00,,,,,,,,,,,
2026-03-06,momentum-T1-size10,1107.12,1286.89,963.18,201885.06,1003.45,1821.65,1756.07,12396.87,11819.19,8867.00,22685.89,-0.00,-0.00,-0.00,-0.00,-0.00,-0.00,-0.00,-0.00,-0.00,-0.00,-0.00,-0.00,1.00,,,,,,,,,,,
2026-03-06,momentum-T1-size25,1107.06,1286.82,963.12,201873.64,1003.39,1821.55,1755.97,12396.17,11818.52,8866.50,22684.61,-0.00,-0.00,-0.00,-0.00,-0.00,-0.00,-0.00,-0.00,-0.00,-0.00,-0.00,-0.00,1.00,,,,,,,,,,,
2026-03-06,momentum-T1-size50,1106.97,1286.71,963.04,201856.73,1003.31,1821.40,1755.82,12395.13,11817.53,8865.75,22682.71,-0.01,-0.01,-0.01,-0.01,-0.01,-0.01,-0.01,-0.01,-0.01,-0.01,-0.01,-0.01,1.00,,,,,,,,,,,
2026-03-06,momentum-T2-size5,1107.08,1286.84,963.14,201876.87,1003.41,1821.58,1756.00,12396.37,11818.71,8866.64,22684.97,-0.00,-0.00,-0.00,-0.00,-0.00,-0.00,-0.00,-0.00,-0.00,-0.00,-0.00,-0.00,1.00,,,,,,,,,,,
2026-03-06,momentum-T2-size10,1107.00,1286.75,963.07,201862.95,1003.34,1821.45,1755.87,12395.51,11817.90,8866.03,22683.41,-0.00,-0.00,-0.00,-0.00,-0.00,-0.00,-0.00,-0.00,-0.00,-0.00,-0.00,-0.00,1.00,,,,,,,,,,,
2026-03-06,momentum-T2-size25,1106.84,1286.56,962.93,201833.33,1003.19,1821.19,1755.62,12393.69,11816.16,8864.73,22680.08,-0.01,-0.01,-0.01,-0.01,-0.01,-0.01,-0.01,-0.01,-0.01,-0.01,-0.01,-0.01,1.00,,,,,,,,,,,
2026-03-06,momentum-T2-size50,1106.72,1286.42,962.82,201810.75,1003.08,1820.98,1755.42,12392.31,11814.84,8863.73,22677.54,-0.01,-0.01,-0.01,-0.01,-0.01,-0.01,-0.01,-0.01,-0.01,-0.01,-0.01,-0.01,1.00,,,,,,,,,,,
2026-03-06,momentum-T4-size5,1106.96,1286.70,963.03,201855.23,1003.30,1821.38,1755.81,12395.04,11817.44,8865.69,22682.54,-0.00,-0.00,-0.00,-0.00,-0.00,-0.00,-0.00,-0.00,-0.00,-0.00,-0.00,-0.00,1.00,,,,,,,,,,,
2026-03-06,momentum-T4-size10,1106.80,1286.51,962.89,201825.35,1003.15,1821.11,1755.55,12393.20,11815.69,8864.38,22679.18,-0.01,-0.01,-0.01,-0.01,-0.01,-0.01,-0.01,-0.01,-0.01,-0.01,-0.01,-0.01,1.00,,,,,,,,,,,
2026-03-06,momentum-T4-size25,1106.50,1286.16,962.63,201770.73,1002.88,1820.62,1755.07,12389.85,11812.50,8861.98,22673.04,-0.01,-0.01,-0.01,-0.01,-0.01,-0.01,-0.01,-0.01,-0.01,-0.01,-0.01,-0.01,1.00,,,,,,,,,,,
2026-03-06,momentum-T4-size50,1106.35,1285.98,962.50,201743.21,1002.74,1820.37,1754.83,12388.16,11810.89,8860.77,22669.95,-0.01,-0.01,-0.01,-0.01,-0.01,-0.01,-0.01,-0.01,-0.01,-0.01,-0.01,-0.01,1.00,,,,,,,,,,,
2026-03-06,momentum-T6-size5,1106.84,1286.55,962.92,201832.23,1003.19,1821.18,1755.61,12393.63,11816.10,8864.68,22679.95,-0.00,-0.00,-0.00,-0.00,-0.00,-0.00,-0.00,-0.00,-0.00,-0.00,-0.00,-0.00,1.00,,,,,,,,,,,
2026-03-06,momentum-T6-size10,1106.58,1286.25,962.70,201785.09,1002.95,1820.75,1755.20,12390.73,11813.34,8862.61,22674.66,-0.01,-0.01,-0.01,-0.01,-0.01,-0.01,-0.01,-0.01,-0.01,-0.01,-0.01,-0.01,1.00,,,,,,,,,,,
2026-03-06,momentum-T6-size25,1106.10,1285.70,962.29,201698.39,1002.52,1819.97,1754.44,12385.41,11808.26,8858.80,22664.91,-0.01,-0.01,-0.01,-0.01,-0.01,-0.01,-0.01,-0.01,-0.01,-0.01,-0.01,-0.01,1.00,,,,,,,,,,,
2026-03-06,momentum-T6-size50,1105.77,1285.32,962.00,201638.92,1002.23,1819.43,1753.93,12381.76,11804.78,8856.19,22658.23,-0.01,-0.01,-0.01,-0.01,-0.01,-0.01,-0.01,-0.01,-0.01,-0.01,-0.01,-0.01,1.00,,,,,,,,,,,
2026-03-07,momentum-T1-size5,1105.58,1284.64,960.89,202318.90,1002.35,1825.47,1754.52,12410.79,11837.23,8866.88,22704.47,-0.14,-0.18,-0.24,0.21,-0.11,0.21,-0.09,0.11,0.15,-0.00,0.08,-0.00,1.00,,,,,,,,,,,
2026-03-07,momentum-T1-size10,1105.55,1284.60,960.87,202313.30,1002.32,1825.42,1754.48,12410.45,11836.91,8866.63,22703.85,-0.14,-0.18,-0.24,0.21,-0.11,0.21,-0.09,0.11,0.15,-0.00,0.08,-0.00,1.00,,,,,,,,,,,
2026-03-07,momentum-T1-size25,1105.46,1284.50,960.79,202296.97,1002.24,1825.27,1754.33,12409.45,11835.95,8865.91,22702.01,-0.14,-0.18,-0.24,0.21,-0.11,0.20,-0.09,0.11,0.15,-0.01,0.08,-0.00,1.00,,,,,,,,,,,
2026-03-07,momentum-T1-size50,1105.32,1284.33,960.67,202271.32,1002.12,1825.04,1754.11,12407.87,11834.45,8864.79,22699.13,-0.15,-0.18,-0.25,0.21,-0.12,0.20,-0.10,0.10,0.14,-0.01,0.07,-0.01,1.00,,,,,,,,,,,
2026-03-07,momentum-T2-size5,1105.51,1284.55,960.83,202305.99,1002.29,1825.35,1754.41,12410.00,11836.48,8866.31,22703.03,-0.14,-0.18,-0.24,0.21,-0.11,0.21,-0.09,0.11,0.15,-0.00,0.08,-0.00,1.00,,,,,,,,,,,
2026-03-07,momentum-T2-size10,1105.42,1284.45,960.75,202289.61,1002.21,1825.20,1754.27,12409.00,11835.52,8865.59,22701.19,-0.14,-0.18,-0.24,0.21,-0.11,0.21,-0.09,0.11,0.15,-0.00,0.08,-0.00,1.00,,,,,,,,,,,
2026-03-07,momentum-T2-size25,1105.21,1284.21,960.57,202251.48,1002.02,1824.86,1753.94,12406.66,11833.29,8863.92,22696.91,-0.15,-0.18,-0.24,0.21,-0.12,0.20,-0.10,0.10,0.14,-0.01,0.07,-0.01,1.00,,,,,,,,,,,
2026-03-07,momentum-T2-size50,1105.01,1283.96,960.39,202213.21,1001.83,1824.51,1753.61,12404.31,11831.05,8862.24,22692.61,-0.15,-0.19,-0.25,0.20,-0.12,0.19,-0.10,0.10,0.14,-0.02,0.07,-0.01,1.00,,,,,,,,,,,
2026-03-07,momentum-T4-size5,1105.37,1284.39,960.71,202279.87,1002.16,1825.12,1754.19,12408.40,11834.95,8865.16,22700.09,-0.14,-0.18,-0.24,0.21,-0.11,0.20,-0.09,0.11,0.15,-0.01,0.08,-0.00,1.00,,,,,,,,,,,
2026-03-07,momentum-T4-size10,1105.17,1284.16,960.54,202244.18,1001.98,1824.79,1753.88,12406.21,11832.86,8863.60,22696.09,-0.15,-0.18,-0.24,0.21,-0.12,0.20,-0.10,0.10,0.15,-0.01,0.07,-0.01,1.00,,,,,,,,,,,
2026-03-07,momentum-T4-size25,1104.80,1283.73,960.21,202175.72,1001.64,1824.18,1753.28,12402.01,11828.86,8860.60,22688.41,-0.15,-0.19,-0.25,0.20,-0.12,0.20,-0.10,0.10,0.14,-0.02,0.07,-0.01,1.00,,,,,,,,,,,
2026-03-07,momentum-T4-size50,1104.57,1283.45,960.01,202132.79,1001.43,1823.79,1752.91,12399.38,11826.35,8858.72,22683.59,-0.16,-0.20,-0.26,0.19,-0.13,0.19,-0.11,0.09,0.13,-0.02,0.06,-0.02,1.00,,,,,,,,,,,
2026-03-07,momentum-T6-size5,1105.23,1284.22,960.58,202253.66,1002.03,1824.88,1753.96,12406.79,11833.42,8864.02,22697.15,-0.15,-0.18,-0.24,0.21,-0.12,0.20,-0.09,0.11,0.15,-0.01,0.08,-0.00,1.00,,,,,,,,,,,
2026-03-07,momentum-T6-size10,1104.93,1283.88,960.33,202199.21,1001.76,1824.39,1753.49,12403.45,11830.23,8861.63,22691.04,-0.15,-0.18,-0.25,0.21,-0.12,0.20,-0.10,0.10,0.14,-0.01,0.07,-0.01,1.00,,,,,,,,,,,
2026-03-07,momentum-T6-size25,1104.38,1283.24,959.85,202099.05,1001.26,1823.48,1752.62,12397.31,11824.37,8857.24,22679.80,-0.16,-0.19,-0.25,0.20,-0.13,0.19,-0.10,0.10,0.14,-0.02,0.07,-0.01,1.00,,,,,,,,,,,
2026-03-07,momentum-T6-size50,1103.99,1282.79,959.51,202028.04,1000.91,1822.84,1752.00,12392.95,11820.22,8854.13,22671.83,-0.16,-0.20,-0.26,0.19,-0.13,0.19,-0.11,0.09,0.13,-0.02,0.06,-0.02,1.00,,,,,,,,,,,
2026-03-08,momentum-T1-size5,1106.97,1286.24,959.00,202949.66,999.35,1829.47,1745.00,12327.57,11805.60,8879.05,22942.59,0.13,0.13,-0.20,0.31,-0.30,0.22,-0.54,-0.67,-0.27,0.14,1.05,-0.00,1.00,,,,,,,,,,,
2026-03-08,momentum-T1-size10,1106.89,1286.15,958.94,202935.45,999.28,1829.34,1744.88,12326.71,11804.77,8878.43,22940.99,0.12,0.12,-0.20,0.31,-0.30,0.21,-0.55,-0.67,-0.27,0.13,1.04,-0.01,1.00,,,,,,,,,,,
2026-03-08,momentum-T1-size25,1106.67,1285.90,958.75,202895.90,999.08,1828.98,1744.54,12324.31,11802.47,8876.69,22936.52,0.11,0.11,-0.21,0.30,-0.32,0.20,-0.56,-0.69,-0.28,0.12,1.03,-0.02,1.00,,,,,,,,,,,
2026-03-08,momentum-T1-size50,1106.36,1285.54,958.48,202838.84,998.80,1828.47,1744.05,12320.84,11799.15,8874.20,22930.06,0.09,0.09,-0.23,0.28,-0.33,0.19,-0.57,-0.70,-0.30,0.11,1.02,-0.03,1.00,,,,,,,,,,,
2026-03-08,momentum-T2-size5,1106.86,1286.12,958.91,202930.05,999.25,1829.29,1744.84,12326.38,11804.46,8878.19,22940.38,0.12,0.12,-0.20,0.31,-0.30,0.22,-0.55,-0.67,-0.27,0.13,1.05,-0.00,1.00,,,,,,,,,,,
2026-03-08,momentum-T2-size10,1106.69,1285.92,958.76,202899.08,999.10,1829.01,1744.57,12324.50,11802.65,8876.83,22936.88,0.11,0.11,-0.21,0.30,-0.31,0.21,-0.55,-0.68,-0.28,0.13,1.04,-0.01,1.00,,,,,,,,,,,
2026-03-08,momentum-T2-size25,1106.28,1285.44,958.41,202823.53,998.73,1828.33,1743.92,12319.91,11798.26,8873.53,22928.33,0.10,0.10,-0.23,0.28,-0.33,0.19,-0.57,-0.70,-0.30,0.11,1.02,-0.03,1.00,,,,,,,,,,,
2026-03-08,momentum-T2-size50,1105.82,1284.90,958.00,202738.47,998.31,1827.56,1743.19,12314.74,11793.31,8869.81,22918.72,0.07,0.07,-0.25,0.26,-0.35,0.17,-0.59,-0.72,-0.32,0.09,1.00,-0.05,1.00,,,,,,,,,,,
2026-03-08,momentum-T4-size5,1106.66,1285.89,958.74,202893.95,999.08,1828.96,1744.53,12324.19,11802.36,8876.61,22936.29,0.12,0.12,-0.20,0.30,-0.31,0.21,-0.55,-0.68,-0.28,0.13,1.04,-0.01,1.00,,,,,,,,,,,
2026-03-08,momentum-T4-size10,1106.35,1285.53,958.47,202837.18,998.80,1828.45,1744.04,12320.74,11799.05,8874.13,22929.88,0.11,0.11,-0.22,0.29,-0.32,0.20,-0.56,-0.69,-0.29,0.12,1.03,-0.02,1.00,,,,,,,,,,,
2026-03-08,momentum-T4-size25,1105.75,1284.82,957.94,202725.55,998.25,1827.45,1743.08,12313.96,11792.56,8869.24,22917.26,0.09,0.09,-0.24,0.27,-0.34,0.18,-0.58,-0.71,-0.31,0.10,1.01,-0.04,1.00,,,,,,,,,,,
2026-03-08,momentum-T4-size50,1105.33,1284.34,957.58,202649.14,997.87,1826.76,1742.42,12309.32,11788.11,8865.90,22908.62,0.07,0.07,-0.25,0.26,-0.36,0.16,-0.60,-0.73,-0.32,0.08,0.99,-0.06,1.00,,,,,,,,,,,
2026-03-08,momentum-T6-size5,1106.47,1285.67,958.57,202858.53,998.90,1828.65,1744.22,12322.04,11800.30,8875.06,22932.29,0.11,0.11,-0.21,0.30,-0.31,0.21,-0.56,-0.68,-0.28,0.12,1.04,-0.01,1.00,,,,,,,,,,,
2026-03-08,momentum-T6-size10,1106.02,1285.14,958.18,202775.35,998.49,1827.90,1743.51,12316.98,11795.46,8871.42,22922.89,0.10,0.10,-0.22,0.28,-0.33,0.19,-0.57,-0.70,-0.29,0.11,1.02,-0.03,1.00,,,,,,,,,,,
2026-03-08,momentum-T6-size25,1105.14,1284.12,957.42,202614.17,997.70,1826.44,1742.12,12307.19,11786.08,8864.37,22904.67,0.07,0.07,-0.25,0.25,-0.36,0.16,-0.60,-0.73,-0.32,0.08,0.99,-0.06,1.00,,,,,,,,,,,
2026-03-08,momentum-T6-size50,1104.45,1283.31,956.82,202487.13,997.07,1825.30,1741.03,12299.48,11778.69,8858.81,22890.31,0.04,0.04,-0.28,0.23,-0.38,0.13,-0.63,-0.75,-0.35,0.05,0.96,-0.09,1.00,,,,,,,,,,,
2026-03-09,momentum-T1-size5,1106.96,1286.23,958.99,202947.63,999.34,1829.45,1744.99,12327.45,11805.48,8878.96,22942.36,-0.00,-0.00,-0.00,-0.00,-0.00,-0.00,-0.00,-0.00,-0.00,-0.00,-0.00,-0.00,1.00,,,,,,,,,,,
2026-03-09,momentum-T1-size10,1106.87,1286.13,958.92,202931.62,999.26,1829.30,1744.85,12326.48,11804.55,8878.26,22940.55,-0.00,-0.00,-0.00,-0.00,-0.00,-0.00,-0.00,-0.00,-0.00,-0.00,-0.00,-0.00,1.00,,,,,,,,,,,
2026-03-09,momentum-T1-size25,1106.63,1285.85,958.71,202887.94,999.05,1828.91,1744.47,12323.82,11802.01,8876.35,22935.62,-0.00,-0.00,-0.00,-0.00,-0.00,-0.00,-0.00,-0.00,-0.00,-0.00,-0.00,-0.00,1.00,,,,,,,,,,,
2026-03-09,momentum-T1-size50,1106.30,1285.47,958.42,202827.36,998.75,1828.36,1743.95,12320.14,11798.48,8873.70,22928.77,-0.01,-0.01,-0.01,-0.01,-0.01,-0.01,-0.01,-0.01,-0.01,-0.01,-0.01,-0.01,1.00,,,,,,,,,,,
2026-03-09,momentum-T2-size5,1106.84,1286.09,958.89,202926.13,999.23,1829.25,1744.80,12326.14,11804.23,8878.02,22939.93,-0.00,-0.00,-0.00,-0.00,-0.00,-0.00,-0.00,-0.00,-0.00,-0.00,-0.00,-0.00,1.00,,,,,,,,,,,
2026-03-09,momentum-T2-size10,1106.65,1285.88,958.73,202891.77,999.06,1828.94,1744.51,12324.06,11802.23,8876.51,22936.05,-0.00,-0.00,-0.00,-0.00,-0.00,-0.00,-0.00,-0.00,-0.00,-0.00,-0.00,-0.00,1.00,,,,,,,,,,,
2026-03-09,momentum-T2-size25,1106.20,1285.35,958.34,202808.48,998.65,1828.19,1743.79,12319.00,11797.38,8872.87,22926.63,-0.01,-0.01,-0.01,-0.01,-0.01,-0.01,-0.01,-0.01,-0.01,-0.01,-0.01,-0.01,1.00,,,,,,,,,,,
2026-03-09,momentum-T2-size50,1105.69,1284.76,957.90,202715.59,998.20,1827.36,1742.99,12313.35,11791.98,8868.81,22916.13,-0.01,-0.01,-0.01,-0.01,-0.01,-0.01,-0.01,-0.01,-0.01,-0.01,-0.01,-0.01,1.00,,,,,,,,,,,
2026-03-09,momentum-T4-size5,1106.63,1285.85,958.71,202887.06,999.04,1828.90,1744.47,12323.77,11801.96,8876.31,22935.52,-0.00,-0.00,-0.00,-0.00,-0.00,-0.00,-0.00,-0.00,-0.00,-0.00,-0.00,-0.00,1.00,,,,,,,,,,,
2026-03-09,momentum-T4-size10,1106.29,1285.46,958.42,202825.70,998.74,1828.35,1743.94,12320.04,11798.39,8873.62,22928.58,-0.01,-0.01,-0.01,-0.01,-0.01,-0.01,-0.01,-0.01,-0.01,-0.01,-0.01,-0.01,1.00,,,,,,,,,,,
2026-03-09,momentum-T4-size25,1105.65,1284.71,957.86,202707.88,998.16,1827.29,1742.93,12312.88,11791.53,8868.47,22915.26,-0.01,-0.01,-0.01,-0.01,-0.01,-0.01,-0.01,-0.01,-0.01,-0.01,-0.01,-0.01,1.00,,,,,,,,,,,
2026-03-09,momentum-T4-size50,1105.22,1284.21,957.49,202629.57,997.77,1826.58,1742.25,12308.13,11786.98,8865.04,22906.41,-0.01,-0.01,-0.01,-0.01,-0.01,-0.01,-0.01,-0.01,-0.01,-0.01,-0.01,-0.01,1.00,,,,,,,,,,,
2026-03-09,momentum-T6-size5,1106.42,1285.60,958.53,202848.82,998.85,1828.56,1744.14,12321.45,11799.73,8874.63,22931.19,-0.00,-0.00,-0.00,-0.00,-0.00,-0.00,-0.00,-0.00,-0.00,-0.00,-0.00,-0.00,1.00,,,,,,,,,,,
2026-03-09,momentum-T6-size10,1105.93,1285.04,958.10,202759.67,998.41,1827.75,1743.37,12316.03,11794.54,8870.73,22921.12,-0.01,-0.01,-0.01,-0.01,-0.01,-0.01,-0.01,-0.01,-0.01,-0.01,-0.01,-0.01,1.00,,,,,,,,,,,
2026-03-09,momentum-T6-size25,1105.01,1283.97,957.31,202591.10,997.58,1826.23,1741.92,12305.79,11784.74,8863.36,22902.06,-0.01,-0.01,-0.01,-0.01,-0.01,-0.01,-0.01,-0.01,-0.01,-0.01,-0.01,-0.01,1.00,,,,,,,,,,,
2026-03-09,momentum-T6-size50,1104.31,1283.15,956.70,202461.53,996.95,1825.07,1740.81,12297.92,11777.20,8857.69,22887.41,-0.01,-0.01,-0.01,-0.01,-0.01,-0.01,-0.01,-0.01,-0.01,-0.01,-0.01,-0.01,1.00,,,,,,,,,,,
2026-03-10,momentum-T1-size5,1109.83,1279.33,961.48,202970.98,999.46,1831.00,1736.20,12323.52,11875.00,8852.22,23007.44,0.26,-0.54,0.26,0.01,0.01,0.08,-0.50,-0.03,0.59,-0.30,0.28,0.01,1.00,,,,,,,,,,,
2026-03-10,momentum-T1-size10,1109.82,1279.32,961.47,202969.85,999.45,1830.99,1736.19,12323.45,11874.93,8852.17,23007.31,0.27,-0.53,0.27,0.02,0.02,0.09,-0.50,-0.02,0.60,-0.29,0.29,0.02,1.00,,,,,,,,,,,
2026-03-10,momentum-T1-size25,1109.80,1279.30,961.45,202965.47,999.43,1830.95,1736.15,12323.18,11874.68,8851.98,23006.82,0.29,-0.51,0.29,0.04,0.04,0.11,-0.48,-0.01,0.62,-0.27,0.31,0.04,1.00,,,,,,,,,,,
2026-03-10,momentum-T1-size50,1109.74,1279.23,961.40,202955.06,999.38,1830.85,1736.06,12322.55,11874.07,8851.52,23005.64,0.31,-0.49,0.31,0.06,0.06,0.14,-0.45,0.02,0.64,-0.25,0.34,0.06,1.00,,,,,,,,,,,
2026-03-10,momentum-T2-size5,1109.79,1279.28,961.44,202963.66,999.42,1830.93,1736.14,12323.07,11874.57,8851.90,23006.61,0.27,-0.53,0.27,0.02,0.02,0.09,-0.50,-0.02,0.60,-0.29,0.29,0.02,1.00,,,,,,,,,,,
2026-03-10,momentum-T2-size10,1109.75,1279.24,961.41,202956.18,999.39,1830.86,1736.07,12322.62,11874.13,8851.57,23005.76,0.28,-0.52,0.28,0.03,0.03,0.10,-0.48,-0.01,0.61,-0.28,0.30,0.03,1.00,,,,,,,,,,,
2026-03-10,momentum-T2-size25,1109.65,1279.12,961.32,202937.65,999.29,1830.70,1735.91,12321.50,11873.05,8850.76,23003.66,0.31,-0.48,0.31,0.06,0.06,0.14,-0.45,0.02,0.64,-0.25,0.34,0.06,1.00,,,,,,,,,,,
2026-03-10,momentum-T2-size50,1109.52,1278.97,961.20,202913.65,999.18,1830.48,1735.71,12320.04,11871.64,8849.72,23000.94,0.35,-0.45,0.35,0.10,0.10,0.17,-0.42,0.05,0.68,-0.22,0.37,0.10,1.00,,,,,,,,,,,
2026-03-10,momentum-T4-size5,1109.69,1279.17,961.35,202945.36,999.33,1830.77,1735.98,12321.96,11873.50,8851.10,23004.54,0.28,-0.52,0.28,0.03,0.03,0.10,-0.49,-0.01,0.61,-0.28,0.30,0.03,1.00,,,,,,,,,,,
2026-03-10,momentum-T4-size10,1109.58,1279.04,961.26,202925.39,999.23,1830.59,1735.81,12320.75,11872.33,8850.23,23002.28,0.30,-0.50,0.30,0.05,0.05,0.12,-0.47,0.01,0.63,-0.26,0.32,0.05,1.00,,,,,,,,,,,
2026-03-10,momentum-T4-size25,1109.39,1278.83,961.10,202891.03,999.06,1830.28,1735.52,12318.67,11870.32,8848.73,22998.38,0.34,-0.46,0.34,0.09,0.09,0.16,-0.43,0.05,0.67,-0.22,0.36,0.09,1.00,,,,,,,,,,,
2026-03-10,momentum-T4-size50,1109.32,1278.74,961.03,202876.56,998.99,1830.15,1735.39,12317.79,11869.48,8848.10,22996.74,0.37,-0.43,0.37,0.12,0.12,0.20,-0.39,0.08,0.70,-0.19,0.39,0.12,1.00,,,,,,,,,,,
2026-03-10,momentum-T6-size5,1109.58,1279.04,961.26,202924.69,999.23,1830.58,1735.80,12320.71,11872.29,8850.20,23002.19,0.29,-0.51,0.28,0.04,0.04,0.11,-0.48,-0.01,0.61,-0.28,0.31,0.04,1.00,,,,,,,,,,,
2026-03-10,momentum-T6-size10,1109.37,1278.80,961.08,202886.81,999.04,1830.24,1735.48,12318.41,11870.07,8848.55,22997.90,0.31,-0.49,0.31,0.06,0.06,0.14,-0.45,0.02,0.64,-0.25,0.33,0.06,1.00,,,,,,,,,,,
2026-03-10,momentum-T6-size25,1108.94,1278.30,960.70,202807.57,998.65,1829.52,1734.80,12313.60,11865.44,8845.09,22988.92,0.36,-0.44,0.35,0.11,0.11,0.18,-0.41,0.06,0.68,-0.21,0.38,0.11,1.00,,,,,,,,,,,
2026-03-10,momentum-T6-size50,1108.52,1277.83,960.34,202732.07,998.28,1828.84,1734.16,12309.01,11861.02,8841.80,22980.36,0.38,-0.41,0.38,0.13,0.13,0.21,-0.38,0.09,0.71,-0.18,0.41,0.13,1.00,,,,,,,,,,,
2026-03-11,momentum-T1-size5,1109.92,1289.79,959.75,204286.51,1003.52,1805.24,1750.24,12412.82,11824.07,8860.70,22641.55,0.01,0.82,-0.18,0.65,0.41,-1.41,0.81,0.72,-0.43,0.10,-1.59,-0.01,1.00,,,,,,,,,,,
2026-03-11,momentum-T1-size10,1109.83,1289.68,959.67,204269.24,1003.43,1805.08,1750.09,12411.77,11823.07,8859.95,22639.64,0.00,0.81,-0.19,0.64,0.40,-1.41,0.80,0.72,-0.44,0.09,-1.60,-0.02,1.00,,,,,,,,,,,
2026-03-11,momentum-T1-size25,1109.57,1289.38,959.45,204221.43,1003.20,1804.66,1749.69,12408.86,11820.30,8857.88,22634.34,-0.02,0.79,-0.21,0.62,0.38,-1.44,0.78,0.70,-0.46,0.07,-1.62,-0.04,1.00,,,,,,,,,,,
2026-03-11,momentum-T1-size50,1109.20,1288.95,959.13,204153.31,1002.86,1804.06,1749.10,12404.72,11816.36,8854.92,22626.79,-0.05,0.76,-0.24,0.59,0.35,-1.46,0.75,0.67,-0.49,0.04,-1.65,-0.07,1.00,,,,,,,,,,,
2026-03-11,momentum-T2-size5,1109.74,1289.58,959.60,204253.11,1003.35,1804.94,1749.96,12410.79,11822.13,8859.25,22637.85,-0.00,0.80,-0.19,0.64,0.39,-1.42,0.80,0.71,-0.44,0.08,-1.60,-0.02,1.00,,,,,,,,,,,
2026-03-11,momentum-T2-size10,1109.49,1289.29,959.38,204207.59,1003.13,1804.54,1749.57,12408.02,11819.50,8857.28,22632.80,-0.02,0.79,-0.21,0.62,0.37,-1.44,0.78,0.69,-0.46,0.06,-1.62,-0.04,1.00,,,,,,,,,,,
2026-03-11,momentum-T2-size25,1108.91,1288.61,958.88,204099.59,1002.60,1803.59,1748.64,12401.46,11813.25,8852.59,22620.83,-0.07,0.74,-0.25,0.57,0.33,-1.48,0.73,0.65,-0.50,0.02,-1.66,-0.08,1.00,,,,,,,,,,,
2026-03-11,momentum-T2-size50,1108.28,1287.87,958.33,203983.53,1002.03,1802.56,1747.65,12394.41,11806.53,8847.56,22607.97,-0.11,0.70,-0.30,0.53,0.29,-1.53,0.69,0.60,-0.55,-0.02,-1.71,-0.13,1.00,,,,,,,,,,,
2026-03-11,momentum-T4-size5,1109.52,1289.32,959.41,204212.89,1003.15,1804.59,1749.61,12408.34,11819.81,8857.51,22633.39,-0.02,0.79,-0.20,0.62,0.38,-1.43,0.79,0.70,-0.45,0.07,-1.61,-0.03,1.00,,,,,,,,,,,
2026-03-11,momentum-T4-size10,1109.14,1288.87,959.07,204141.79,1002.80,1803.96,1749.00,12404.02,11815.69,8854.42,22625.51,-0.04,0.77,-0.23,0.60,0.36,-1.45,0.76,0.68,-0.48,0.05,-1.64,-0.06,1.00,,,,,,,,,,,
2026-03-11,momentum-T4-size25,1108.42,1288.04,958.45,204009.49,1002.15,1802.79,1747.87,12395.99,11808.03,8848.69,22610.85,-0.09,0.72,-0.28,0.55,0.31,-1.50,0.71,0.63,-0.52,-0.00,-1.69,-0.10,1.00,,,,,,,,,,,
2026-03-11,momentum-T4-size50,1107.96,1287.51,958.06,203925.72,1001.74,1802.05,1747.15,12390.90,11803.18,8845.05,22601.56,-0.12,0.69,-0.31,0.52,0.28,-1.54,0.68,0.59,-0.56,-0.03,-1.72,-0.14,1.00,,,,,,,,,,,
2026-03-11,momentum-T6-size5,1109.25,1289.01,959.18,204163.43,1002.91,1804.15,1749.19,12405.34,11816.94,8855.36,22627.91,-0.03,0.78,-0.22,0.61,0.37,-1.44,0.77,0.69,-0.47,0.06,-1.63,-0.05,1.00,,,,,,,,,,,
2026-03-11,momentum-T6-size10,1108.71,1288.37,958.70,204062.40,1002.41,1803.26,1748.32,12399.20,11811.09,8850.98,22616.71,-0.06,0.75,-0.25,0.58,0.34,-1.47,0.74,0.66,-0.50,0.03,-1.66,-0.08,1.00,,,,,,,,,,,
2026-03-11,momentum-T6-size25,1107.81,1287.33,957.92,203896.78,1001.60,1801.79,1746.90,12389.14,11801.51,8843.80,22598.36,-0.10,0.71,-0.29,0.54,0.30,-1.52,0.70,0.61,-0.54,-0.01,-1.70,-0.12,1.00,,,,,,,,,,,
2026-03-11,momentum-T6-size50,1107.34,1286.79,957.52,203811.66,1001.18,1801.04,1746.17,12383.96,11796.58,8840.11,22588.92,-0.11,0.70,-0.29,0.53,0.29,-1.52,0.69,0.61,-0.54,-0.02,-1.70,-0.12,1.00,,,,,,,,,,,
2026-03-12,momentum-T1-size5,1112.90,1283.62,960.17,204202.28,1003.94,1799.17,1744.05,12415.38,11896.67,8829.74,22807.20,0.27,-0.48,0.04,-0.04,0.04,-0.34,-0.35,0.02,0.61,-0.35,0.73,0.01,1.00,,,,,,,,,,,
2026-03-12,momentum-T1-size10,1112.91,1283.64,960.19,204205.68,1003.96,1799.20,1744.08,12415.58,11896.87,8829.89,22807.58,0.28,-0.47,0.05,-0.03,0.05,-0.33,-0.34,0.03,0.62,-0.34,0.74,0.02,1.00,,,,,,,,,,,
2026-03-12,momentum-T1-size25,1112.96,1283.70,960.23,204214.67,1004.00,1799.28,1744.15,12416.13,11897.39,8830.28,22808.59,0.31,-0.44,0.08,-0.00,0.08,-0.30,-0.32,0.06,0.65,-0.31,0.77,0.05,1.00,,,,,,,,,,,
2026-03-12,momentum-T1-size50,1113.03,1283.77,960.29,204226.37,1004.06,1799.38,1744.25,12416.84,11898.07,8830.78,22809.89,0.35,-0.40,0.12,0.04,0.12,-0.26,-0.28,0.10,0.69,-0.27,0.81,0.09,1.00,,,,,,,,,,,
2026-03-12,momentum-T2-size5,1112.82,1283.53,960.11,204188.18,1003.87,1799.04,1743.93,12414.52,11895.85,8829.13,22805.63,0.28,-0.47,0.05,-0.03,0.05,-0.33,-0.34,0.03,0.62,-0.34,0.74,0.02,1.00,,,,,,,,,,,
2026-03-12,momentum-T2-size10,1112.77,1283.47,960.06,204179.05,1003.83,1798.96,1743.85,12413.96,11895.32,8828.74,22804.61,0.30,-0.45,0.07,-0.01,0.07,-0.31,-0.33,0.05,0.64,-0.32,0.76,0.04,1.00,,,,,,,,,,,
2026-03-12,momentum-T2-size25,1112.66,1283.34,959.97,204158.33,1003.72,1798.78,1743.67,12412.70,11894.11,8827.84,22802.29,0.34,-0.41,0.11,0.03,0.11,-0.27,-0.28,0.09,0.68,-0.28,0.80,0.08,1.00,,,,,,,,,,,
2026-03-12,momentum-T2-size50,1112.54,1283.21,959.87,204136.98,1003.62,1798.59,1743.49,12411.40,11892.86,8826.92,22799.91,0.38,-0.36,0.16,0.08,0.16,-0.22,-0.24,0.14,0.73,-0.23,0.85,0.13,1.00,,,,,,,,,,,
2026-03-12,momentum-T4-size5,1112.75,1283.45,960.04,204175.04,1003.81,1798.93,1743.81,12413.72,11895.08,8828.56,22804.16,0.29,-0.46,0.07,-0.02,0.07,-0.31,-0.33,0.04,0.64,-0.33,0.75,0.04,1.00,,,,,,,,,,,
2026-03-12,momentum-T4-size10,1112.66,1283.35,959.97,204159.63,1003.73,1798.79,1743.68,12412.78,11894.18,8827.90,22802.44,0.32,-0.43,0.09,0.01,0.09,-0.29,-0.30,0.07,0.66,-0.30,0.78,0.06,1.00,,,,,,,,,,,
2026-03-12,momentum-T4-size25,1112.57,1283.25,959.90,204143.50,1003.65,1798.65,1743.54,12411.80,11893.24,8827.20,22800.64,0.38,-0.37,0.15,0.07,0.15,-0.23,-0.25,0.13,0.72,-0.24,0.84,0.12,1.00,,,,,,,,,,,
2026-03-12,momentum-T4-size50,1112.67,1283.36,959.98,204161.02,1003.74,1798.81,1743.69,12412.87,11894.26,8827.96,22802.59,0.42,-0.32,0.20,0.12,0.20,-0.18,-0.20,0.18,0.77,-0.19,0.89,0.17,1.00,,,,,,,,,,,
2026-03-12,momentum-T6-size5,1112.61,1283.29,959.93,204150.16,1003.69,1798.71,1743.60,12412.21,11893.63,8827.49,22801.38,0.30,-0.44,0.08,-0.01,0.08,-0.30,-0.32,0.06,0.65,-0.31,0.77,0.05,1.00,,,,,,,,,,,
2026-03-12,momentum-T6-size10,1112.44,1283.10,959.78,204118.98,1003.53,1798.44,1743.34,12410.31,11891.82,8826.14,22797.90,0.34,-0.41,0.11,0.03,0.11,-0.27,-0.29,0.09,0.68,-0.28,0.80,0.08,1.00,,,,,,,,,,,
2026-03-12,momentum-T6-size25,1112.24,1282.87,959.61,204082.31,1003.35,1798.11,1743.02,12408.08,11889.68,8824.55,22793.80,0.40,-0.35,0.18,0.09,0.17,-0.20,-0.22,0.15,0.75,-0.22,0.86,0.15,1.00,,,,,,,,,,,
2026-03-12,momentum-T6-size50,1112.31,1282.94,959.66,204094.25,1003.41,1798.22,1743.12,12408.81,11890.38,8825.07,22795.14,0.45,-0.30,0.22,0.14,0.22,-0.16,-0.17,0.20,0.80,-0.17,0.91,0.19,1.00,,,,,,,,,,,
2026-03-13,momentum-T1-size5,1111.10,1279.81,958.11,203898.17,1005.87,1806.16,1744.50,12415.60,11962.55,8810.03,22791.70,-0.16,-0.30,-0.21,-0.15,0.19,0.39,0.03,0.00,0.55,-0.22,-0.07,0.00,1.00,,,,,,,,,,,
2026-03-13,momentum-T1-size10,1111.16,1279.88,958.16,203908.77,1005.92,1806.25,1744.59,12416.24,11963.17,8810.48,22792.88,-0.16,-0.29,-0.21,-0.15,0.20,0.39,0.03,0.01,0.56,-0.22,-0.06,0.01,1.00,,,,,,,,,,,
2026-03-13,momentum-T1-size25,1111.30,1280.05,958.29,203936.12,1006.06,1806.49,1744.82,12417.91,11964.78,8811.66,22795.94,-0.15,-0.28,-0.20,-0.14,0.20,0.40,0.04,0.01,0.57,-0.21,-0.06,0.02,1.00,,,,,,,,,,,
2026-03-13,momentum-T1-size50,1111.49,1280.26,958.44,203969.34,1006.22,1806.79,1745.11,12419.93,11966.73,8813.10,22799.65,-0.14,-0.27,-0.19,-0.13,0.22,0.41,0.05,0.02,0.58,-0.20,-0.04,0.03,1.00,,,,,,,,,,,
2026-03-13,momentum-T2-size5,1111.07,1279.79,958.09,203893.48,1005.85,1806.11,1744.46,12415.31,11962.28,8809.82,22791.17,-0.16,-0.29,-0.21,-0.14,0.20,0.39,0.03,0.01,0.56,-0.22,-0.06,0.01,1.00,,,,,,,,,,,
2026-03-13,momentum-T2-size10,1111.10,1279.82,958.11,203899.27,1005.87,1806.17,1744.51,12415.67,11962.62,8810.07,22791.82,-0.15,-0.28,-0.20,-0.14,0.20,0.40,0.04,0.01,0.57,-0.21,-0.06,0.02,1.00,,,,,,,,,,,
2026-03-13,momentum-T2-size25,1111.17,1279.90,958.17,203912.07,1005.94,1806.28,1744.62,12416.45,11963.37,8810.63,22793.25,-0.13,-0.27,-0.19,-0.12,0.22,0.42,0.05,0.03,0.58,-0.20,-0.04,0.03,1.00,,,,,,,,,,,
2026-03-13,momentum-T2-size50,1111.22,1279.96,958.21,203920.73,1005.98,1806.36,1744.69,12416.97,11963.88,8811.00,22794.22,-0.12,-0.25,-0.17,-0.11,0.24,0.43,0.07,0.04,0.60,-0.18,-0.02,0.05,1.00,,,,,,,,,,,
2026-03-13,momentum-T4-size5,1111.07,1279.78,958.08,203892.39,1005.84,1806.10,1744.45,12415.25,11962.21,8809.78,22791.05,-0.15,-0.29,-0.20,-0.14,0.20,0.40,0.04,0.01,0.56,-0.21,-0.06,0.01,1.00,,,,,,,,,,,
2026-03-13,momentum-T4-size10,1111.10,1279.82,958.12,203899.50,1005.87,1806.17,1744.51,12415.68,11962.63,8810.08,22791.85,-0.14,-0.27,-0.19,-0.13,0.21,0.41,0.05,0.02,0.58,-0.20,-0.05,0.03,1.00,,,,,,,,,,,
2026-03-13,momentum-T4-size25,1111.24,1279.98,958.23,203924.24,1006.00,1806.39,1744.72,12417.19,11964.08,8811.15,22794.61,-0.12,-0.26,-0.17,-0.11,0.23,0.43,0.07,0.04,0.60,-0.18,-0.03,0.05,1.00,,,,,,,,,,,
2026-03-13,momentum-T4-size50,1111.47,1280.24,958.43,203965.85,1006.20,1806.76,1745.08,12419.72,11966.52,8812.95,22799.26,-0.11,-0.24,-0.16,-0.10,0.25,0.44,0.08,0.06,0.61,-0.17,-0.01,0.06,1.00,,,,,,,,,,,
2026-03-13,momentum-T6-size5,1111.00,1279.70,958.03,203880.49,1005.78,1806.00,1744.35,12414.52,11961.51,8809.26,22789.72,-0.14,-0.28,-0.20,-0.13,0.21,0.41,0.04,0.02,0.57,-0.21,-0.05,0.02,1.00,,,,,,,,,,,
2026-03-13,momentum-T6-size10,1110.98,1279.68,958.01,203877.00,1005.76,1805.97,1744.32,12414.31,11961.31,8809.11,22789.33,-0.13,-0.27,-0.18,-0.12,0.22,0.42,0.06,0.03,0.58,-0.19,-0.04,0.03,1.00,,,,,,,,,,,
2026-03-13,momentum-T6-size25,1110.98,1279.68,958.01,203876.71,1005.76,1805.97,1744.31,12414.29,11961.29,8809.10,22789.30,-0.11,-0.25,-0.17,-0.10,0.24,0.44,0.07,0.05,0.60,-0.18,-0.02,0.05,1.00,,,,,,,,,,,
2026-03-13,momentum-T6-size50,1111.08,1279.79,958.09,203894.26,1005.85,1806.12,1744.46,12415.36,11962.32,8809.86,22791.26,-0.11,-0.25,-0.16,-0.10,0.24,0.44,0.08,0.05,0.61,-0.17,-0.02,0.06,1.00,,,,,,,,,,,
2026-03-14,momentum-T1-size5,1109.32,1270.37,960.00,202916.49,1009.14,1823.25,1743.09,12409.82,12043.57,8760.71,22806.08,-0.16,-0.74,0.20,-0.48,0.33,0.95,-0.08,-0.05,0.68,-0.56,0.06,0.01,1.00,,,,,,,,,,,
2026-03-14,momentum-T1-size10,1109.47,1270.55,960.13,202945.41,1009.28,1823.51,1743.33,12411.58,12045.29,8761.96,22809.33,-0.15,-0.73,0.21,-0.47,0.33,0.96,-0.07,-0.04,0.69,-0.55,0.07,0.02,1.00,,,,,,,,,,,
2026-03-14,momentum-T1-size25,1109.89,1271.02,960.49,203020.96,1009.66,1824.19,1743.98,12416.20,12049.77,8765.22,22817.82,-0.13,-0.71,0.23,-0.45,0.36,0.98,-0.05,-0.01,0.71,-0.53,0.10,0.05,1.00,,,,,,,,,,,
2026-03-14,momentum-T1-size50,1110.40,1271.61,960.93,203114.77,1010.12,1825.04,1744.79,12421.94,12055.34,8769.27,22828.36,-0.10,-0.68,0.26,-0.42,0.39,1.01,-0.02,0.02,0.74,-0.50,0.13,0.08,1.00,,,,,,,,,,,
2026-03-14,momentum-T2-size5,1109.38,1270.45,960.06,202928.95,1009.20,1823.37,1743.19,12410.58,12044.31,8761.24,22807.48,-0.15,-0.73,0.21,-0.47,0.33,0.96,-0.07,-0.04,0.69,-0.55,0.07,0.02,1.00,,,,,,,,,,,
2026-03-14,momentum-T2-size10,1109.59,1270.69,960.24,202967.13,1009.39,1823.71,1743.52,12412.91,12046.58,8762.89,22811.77,-0.14,-0.71,0.22,-0.46,0.35,0.97,-0.06,-0.02,0.70,-0.54,0.09,0.04,1.00,,,,,,,,,,,
2026-03-14,momentum-T2-size25,1110.07,1271.24,960.65,203055.15,1009.83,1824.50,1744.28,12418.30,12051.80,8766.69,22821.66,-0.10,-0.68,0.26,-0.42,0.39,1.01,-0.02,0.01,0.74,-0.50,0.12,0.07,1.00,,,,,,,,,,,
2026-03-14,momentum-T2-size50,1110.51,1271.74,961.03,203134.96,1010.22,1825.22,1744.96,12423.18,12056.54,8770.14,22830.63,-0.06,-0.64,0.29,-0.39,0.42,1.04,0.02,0.05,0.77,-0.46,0.16,0.11,1.00,,,,,,,,,,,
2026-03-14,momentum-T4-size5,1109.53,1270.62,960.19,202956.47,1009.34,1823.61,1743.43,12412.26,12045.95,8762.43,22810.57,-0.14,-0.72,0.22,-0.46,0.35,0.97,-0.06,-0.02,0.70,-0.54,0.09,0.04,1.00,,,,,,,,,,,
2026-03-14,momentum-T4-size10,1109.85,1270.99,960.46,203014.75,1009.63,1824.14,1743.93,12415.82,12049.40,8764.95,22817.12,-0.11,-0.69,0.24,-0.43,0.37,0.99,-0.03,0.00,0.73,-0.51,0.11,0.06,1.00,,,,,,,,,,,
2026-03-14,momentum-T4-size25,1110.50,1271.73,961.03,203133.86,1010.22,1825.21,1744.95,12423.11,12056.47,8770.09,22830.51,-0.07,-0.64,0.29,-0.39,0.42,1.04,0.01,0.05,0.77,-0.47,0.16,0.11,1.00,,,,,,,,,,,
2026-03-14,momentum-T4-size50,1111.02,1272.32,961.47,203228.20,1010.69,1826.05,1745.76,12428.88,12062.07,8774.16,22841.11,-0.04,-0.62,0.32,-0.36,0.45,1.07,0.04,0.07,0.80,-0.44,0.18,0.13,1.00,,,,,,,,,,,
2026-03-14,momentum-T6-size5,1109.62,1270.72,960.26,202972.33,1009.41,1823.76,1743.57,12413.23,12046.89,8763.12,22812.35,-0.12,-0.70,0.23,-0.45,0.36,0.98,-0.04,-0.01,0.71,-0.52,0.10,0.05,1.00,,,,,,,,,,,
2026-03-14,momentum-T6-size10,1109.95,1271.10,960.55,203033.24,1009.72,1824.30,1744.09,12416.96,12050.50,8765.75,22819.20,-0.09,-0.67,0.27,-0.41,0.39,1.02,-0.01,0.02,0.75,-0.49,0.13,0.08,1.00,,,,,,,,,,,
2026-03-14,momentum-T6-size25,1110.46,1271.68,960.99,203125.95,1010.18,1825.14,1744.88,12422.63,12056.00,8769.75,22829.62,-0.05,-0.63,0.31,-0.37,0.44,1.06,0.03,0.07,0.79,-0.45,0.18,0.13,1.00,,,,,,,,,,,
2026-03-14,momentum-T6-size50,1110.69,1271.94,961.18,203167.04,1010.38,1825.51,1745.24,12425.14,12058.44,8771.52,22834.24,-0.04,-0.61,0.32,-0.36,0.45,1.07,0.04,0.08,0.80,-0.44,0.19,0.14,1.00,,,,,,,,,,,
2026-03-15,momentum-T1-size5,1108.43,1271.14,960.13,202936.58,1010.98,1820.37,1743.49,12383.31,12048.43,8769.87,22816.21,-0.08,0.06,0.01,0.01,0.18,-0.16,0.02,-0.21,0.04,0.10,0.04,0.00,1.00,,,,,,,,,,,
2026-03-15,momentum-T1-size10,1108.62,1271.35,960.30,202970.50,1011.15,1820.67,1743.78,12385.38,12050.44,8771.33,22820.02,-0.08,0.06,0.02,0.01,0.19,-0.16,0.03,-0.21,0.04,0.11,0.05,0.01,1.00,,,,,,,,,,,
2026-03-15,momentum-T1-size25,1109.11,1271.91,960.72,203059.95,1011.60,1821.47,1744.55,12390.84,12055.75,8775.20,22830.08,-0.07,0.07,0.02,0.02,0.19,-0.15,0.03,-0.20,0.05,0.11,0.05,0.01,1.00,,,,,,,,,,,
2026-03-15,momentum-T1-size50,1109.73,1272.62,961.25,203173.14,1012.16,1822.49,1745.52,12397.75,12062.47,8780.09,22842.80,-0.06,0.08,0.03,0.03,0.20,-0.14,0.04,-0.19,0.06,0.12,0.06,0.02,1.00,,,,,,,,,,,
2026-03-15,momentum-T2-size5,1108.52,1271.23,960.21,202952.08,1011.06,1820.51,1743.62,12384.26,12049.35,8770.54,22817.95,-0.08,0.06,0.02,0.01,0.18,-0.16,0.02,-0.21,0.04,0.11,0.05,0.00,1.00,,,,,,,,,,,
2026-03-15,momentum-T2-size10,1108.77,1271.52,960.42,202997.49,1011.28,1820.91,1744.01,12387.03,12052.04,8772.50,22823.06,-0.07,0.07,0.02,0.01,0.19,-0.15,0.03,-0.21,0.05,0.11,0.05,0.01,1.00,,,,,,,,,,,
2026-03-15,momentum-T2-size25,1109.34,1272.17,960.92,203102.34,1011.81,1821.85,1744.91,12393.43,12058.27,8777.03,22834.84,-0.07,0.07,0.03,0.02,0.20,-0.15,0.04,-0.20,0.05,0.12,0.06,0.02,1.00,,,,,,,,,,,
2026-03-15,momentum-T2-size50,1109.86,1272.78,961.37,203198.59,1012.29,1822.72,1745.74,12399.30,12063.98,8781.19,22845.67,-0.06,0.08,0.04,0.03,0.20,-0.14,0.04,-0.19,0.06,0.13,0.07,0.02,1.00,,,,,,,,,,,
2026-03-15,momentum-T4-size5,1108.69,1271.44,960.36,202984.42,1011.22,1820.80,1743.90,12386.23,12051.27,8771.93,22821.59,-0.08,0.06,0.02,0.01,0.19,-0.15,0.03,-0.21,0.04,0.11,0.05,0.01,1.00,,,,,,,,,,,
2026-03-15,momentum-T4-size10,1109.06,1271.86,960.68,203052.10,1011.56,1821.40,1744.48,12390.36,12055.29,8774.86,22829.20,-0.07,0.07,0.02,0.02,0.19,-0.15,0.03,-0.21,0.05,0.11,0.05,0.01,1.00,,,,,,,,,,,
2026-03-15,momentum-T4-size25,1109.79,1272.69,961.31,203185.10,1012.22,1822.60,1745.62,12398.48,12063.18,8780.61,22844.15,-0.06,0.08,0.03,0.03,0.20,-0.14,0.04,-0.20,0.06,0.12,0.06,0.02,1.00,,,,,,,,,,,
2026-03-15,momentum-T4-size50,1110.31,1273.29,961.76,203280.31,1012.69,1823.45,1746.44,12404.29,12068.83,8784.72,22854.85,-0.06,0.08,0.03,0.03,0.20,-0.14,0.04,-0.20,0.06,0.12,0.06,0.02,1.00,,,,,,,,,,,
2026-03-15,momentum-T6-size5,1108.80,1271.56,960.45,203003.76,1011.32,1820.97,1744.07,12387.41,12052.42,8772.77,22823.76,-0.07,0.07,0.02,0.02,0.19,-0.15,0.03,-0.21,0.05,0.11,0.05,0.01,1.00,,,,,,,,,,,
2026-03-15,momentum-T6-size10,1109.19,1272.01,960.79,203075.84,1011.67,1821.62,1744.68,12391.81,12056.70,8775.88,22831.87,-0.07,0.07,0.03,0.02,0.19,-0.15,0.03,-0.20,0.05,0.12,0.06,0.01,1.00,,,,,,,,,,,
2026-03-15,momentum-T6-size25,1109.78,1272.68,961.30,203182.58,1012.21,1822.57,1745.60,12398.32,12063.03,8780.50,22843.87,-0.06,0.08,0.03,0.03,0.20,-0.14,0.04,-0.20,0.06,0.12,0.06,0.02,1.00,,,,,,,,,,,
2026-03-15,momentum-T6-size50,1110.00,1272.93,961.49,203223.54,1012.41,1822.94,1745.95,12400.82,12065.47,8782.27,22848.47,-0.06,0.08,0.03,0.03,0.20,-0.14,0.04,-0.20,0.06,0.12,0.06,0.02,1.00,,,,,,,,,,,
2026-03-16,momentum-T1-size5,1112.20,1273.33,960.62,203213.57,1005.01,1816.51,1745.84,12417.34,12015.37,8785.59,22734.00,0.34,0.17,0.05,0.14,-0.59,-0.21,0.13,0.27,-0.27,0.18,-0.36,-0.01,1.00,,,,,,,,,,,
2026-03-16,momentum-T1-size10,1112.26,1273.40,960.67,203223.93,1005.06,1816.60,1745.93,12417.97,12015.98,8786.04,22735.16,0.33,0.16,0.04,0.12,-0.60,-0.22,0.12,0.26,-0.29,0.17,-0.37,-0.03,1.00,,,,,,,,,,,
2026-03-16,momentum-T1-size25,1112.41,1273.57,960.80,203251.40,1005.19,1816.85,1746.16,12419.65,12017.61,8787.23,22738.23,0.30,0.13,0.01,0.09,-0.63,-0.25,0.09,0.23,-0.32,0.14,-0.40,-0.06,1.00,,,,,,,,,,,
2026-03-16,momentum-T1-size50,1112.60,1273.78,960.96,203285.47,1005.36,1817.15,1746.45,12421.73,12019.62,8788.70,22742.04,0.26,0.09,-0.03,0.06,-0.67,-0.29,0.05,0.19,-0.36,0.10,-0.44,-0.09,1.00,,,,,,,,,,,
2026-03-16,momentum-T2-size5,1112.18,1273.30,960.60,203209.02,1004.98,1816.47,1745.80,12417.06,12015.10,8785.40,22733.49,0.33,0.16,0.04,0.13,-0.60,-0.22,0.12,0.26,-0.28,0.17,-0.37,-0.02,1.00,,,,,,,,,,,
2026-03-16,momentum-T2-size10,1112.21,1273.34,960.63,203214.46,1005.01,1816.52,1745.84,12417.40,12015.42,8785.63,22734.10,0.31,0.14,0.02,0.11,-0.62,-0.24,0.11,0.25,-0.30,0.15,-0.39,-0.04,1.00,,,,,,,,,,,
2026-03-16,momentum-T2-size25,1112.26,1273.40,960.68,203225.02,1005.06,1816.61,1745.94,12418.04,12016.05,8786.09,22735.28,0.26,0.10,-0.03,0.06,-0.67,-0.29,0.06,0.20,-0.35,0.10,-0.44,-0.09,1.00,,,,,,,,,,,
2026-03-16,momentum-T2-size50,1112.26,1273.40,960.67,203223.68,1005.05,1816.60,1745.92,12417.96,12015.97,8786.03,22735.13,0.22,0.05,-0.07,0.01,-0.71,-0.34,0.01,0.15,-0.40,0.06,-0.48,-0.14,1.00,,,,,,,,,,,
2026-03-16,momentum-T4-size5,1112.18,1273.30,960.60,203209.13,1004.98,1816.47,1745.80,12417.07,12015.11,8785.40,22733.50,0.31,0.15,0.03,0.11,-0.62,-0.24,0.11,0.25,-0.30,0.15,-0.39,-0.04,1.00,,,,,,,,,,,
2026-03-16,momentum-T4-size10,1112.21,1273.35,960.63,203215.94,1005.02,1816.53,1745.86,12417.49,12015.51,8785.70,22734.26,0.28,0.12,-0.00,0.08,-0.65,-0.27,0.08,0.22,-0.33,0.12,-0.42,-0.07,1.00,,,,,,,,,,,
2026-03-16,momentum-T4-size25,1112.31,1273.45,960.71,203232.61,1005.10,1816.68,1746.00,12418.50,12016.49,8786.42,22736.13,0.23,0.06,-0.06,0.02,-0.70,-0.32,0.02,0.16,-0.39,0.07,-0.47,-0.13,1.00,,,,,,,,,,,
2026-03-16,momentum-T4-size50,1112.36,1273.51,960.76,203242.33,1005.15,1816.77,1746.08,12419.10,12017.07,8786.84,22737.22,0.18,0.02,-0.10,-0.02,-0.75,-0.37,-0.02,0.12,-0.43,0.02,-0.51,-0.17,1.00,,,,,,,,,,,
2026-03-16,momentum-T6-size5,1112.15,1273.27,960.58,203204.30,1004.96,1816.43,1745.76,12416.77,12014.82,8785.19,22732.96,0.30,0.13,0.01,0.10,-0.63,-0.25,0.10,0.24,-0.31,0.14,-0.40,-0.05,1.00,,,,,,,,,,,
2026-03-16,momentum-T6-size10,1112.15,1273.27,960.58,203203.71,1004.96,1816.42,1745.75,12416.74,12014.79,8785.17,22732.90,0.27,0.10,-0.02,0.06,-0.66,-0.29,0.06,0.20,-0.35,0.11,-0.43,-0.09,1.00,,,,,,,,,,,
2026-03-16,momentum-T6-size25,1112.09,1273.20,960.52,203192.10,1004.90,1816.32,1745.65,12416.03,12014.10,8784.67,22731.60,0.21,0.04,-0.08,0.00,-0.72,-0.34,0.00,0.14,-0.41,0.05,-0.49,-0.15,1.00,,,,,,,,,,,
2026-03-16,momentum-T6-size50,1111.96,1273.05,960.41,203168.85,1004.78,1816.11,1745.45,12414.61,12012.72,8783.66,22729.00,0.18,0.01,-0.11,-0.03,-0.75,-0.37,-0.03,0.11,-0.44,0.02,-0.52,-0.18,1.00,,,,,,,,,,,
2026-03-17,momentum-T1-size5,1112.71,1279.21,961.14,203831.11,1008.85,1805.52,1750.33,12379.64,11969.36,8805.32,22627.97,0.05,0.46,0.05,0.30,0.38,-0.61,0.26,-0.30,-0.38,0.22,-0.47,-0.00,1.00,,,,,,,,,,,
2026-03-17,momentum-T1-size10,1112.75,1279.26,961.17,203838.60,1008.89,1805.59,1750.39,12380.09,11969.80,8805.64,22628.80,0.04,0.46,0.05,0.30,0.38,-0.61,0.26,-0.31,-0.38,0.22,-0.47,-0.00,1.00,,,,,,,,,,,
2026-03-17,momentum-T1-size25,1112.86,1279.39,961.27,203858.92,1008.99,1805.77,1750.57,12381.32,11970.99,8806.52,22631.05,0.04,0.46,0.05,0.30,0.38,-0.61,0.25,-0.31,-0.39,0.22,-0.47,-0.01,1.00,,,,,,,,,,,
2026-03-17,momentum-T1-size50,1113.00,1279.55,961.40,203885.36,1009.12,1806.00,1750.79,12382.93,11972.55,8807.66,22633.99,0.04,0.45,0.04,0.30,0.37,-0.61,0.25,-0.31,-0.39,0.22,-0.48,-0.01,1.00,,,,,,,,,,,
2026-03-17,momentum-T2-size5,1112.66,1279.16,961.10,203822.30,1008.81,1805.44,1750.25,12379.10,11968.84,8804.94,22626.99,0.04,0.46,0.05,0.30,0.38,-0.61,0.26,-0.31,-0.38,0.22,-0.47,-0.00,1.00,,,,,,,,,,,
2026-03-17,momentum-T2-size10,1112.66,1279.15,961.09,203821.76,1008.81,1805.44,1750.25,12379.07,11968.81,8804.91,22626.93,0.04,0.46,0.05,0.30,0.38,-0.61,0.25,-0.31,-0.39,0.22,-0.47,-0.01,1.00,,,,,,,,,,,
2026-03-17,momentum-T2-size25,1112.66,1279.15,961.10,203821.78,1008.81,1805.44,1750.25,12379.07,11968.81,8804.92,22626.93,0.04,0.45,0.04,0.29,0.37,-0.62,0.25,-0.31,-0.39,0.21,-0.48,-0.01,1.00,,,,,,,,,,,
2026-03-17,momentum-T2-size50,1112.66,1279.15,961.10,203821.61,1008.81,1805.44,1750.25,12379.06,11968.80,8804.91,22626.91,0.04,0.45,0.04,0.29,0.37,-0.61,0.25,-0.31,-0.39,0.21,-0.48,-0.01,1.00,,,,,,,,,,,
2026-03-17,momentum-T4-size5,1112.62,1279.10,961.06,203814.16,1008.77,1805.37,1750.18,12378.61,11968.37,8804.59,22626.09,0.04,0.46,0.05,0.30,0.38,-0.61,0.25,-0.31,-0.39,0.22,-0.47,-0.01,1.00,,,,,,,,,,,
2026-03-17,momentum-T4-size10,1112.59,1279.07,961.04,203809.19,1008.75,1805.33,1750.14,12378.30,11968.07,8804.37,22625.53,0.03,0.45,0.04,0.29,0.37,-0.62,0.25,-0.32,-0.39,0.21,-0.48,-0.01,1.00,,,,,,,,,,,
2026-03-17,momentum-T4-size25,1112.59,1279.07,961.04,203808.97,1008.75,1805.32,1750.14,12378.29,11968.06,8804.36,22625.51,0.03,0.44,0.03,0.28,0.36,-0.63,0.24,-0.32,-0.40,0.20,-0.49,-0.02,1.00,,,,,,,,,,,
2026-03-17,momentum-T4-size50,1112.70,1279.20,961.13,203828.84,1008.85,1805.50,1750.31,12379.50,11969.23,8805.22,22627.72,0.03,0.45,0.04,0.29,0.37,-0.62,0.24,-0.32,-0.40,0.21,-0.48,-0.02,1.00,,,,,,,,,,,
2026-03-17,momentum-T6-size5,1112.54,1279.01,960.99,203799.48,1008.70,1805.24,1750.05,12377.71,11967.50,8803.95,22624.46,0.03,0.45,0.04,0.29,0.37,-0.62,0.25,-0.31,-0.39,0.21,-0.48,-0.01,1.00,,,,,,,,,,,
2026-03-17,momentum-T6-size10,1112.45,1278.92,960.92,203784.10,1008.62,1805.10,1749.92,12376.78,11966.60,8803.29,22622.75,0.03,0.44,0.04,0.29,0.36,-0.62,0.24,-0.32,-0.40,0.21,-0.48,-0.02,1.00,,,,,,,,,,,
2026-03-17,momentum-T6-size25,1112.35,1278.80,960.83,203765.23,1008.53,1804.94,1749.76,12375.63,11965.49,8802.47,22620.66,0.02,0.44,0.03,0.28,0.36,-0.63,0.24,-0.33,-0.40,0.20,-0.49,-0.02,1.00,,,,,,,,,,,
2026-03-17,momentum-T6-size50,1112.42,1278.88,960.90,203779.02,1008.60,1805.06,1749.88,12376.47,11966.30,8803.07,22622.19,0.04,0.46,0.05,0.30,0.38,-0.61,0.25,-0.31,-0.39,0.22,-0.47,-0.01,1.00,,,,,,,,,,,
2026-03-18,momentum-T1-size5,1112.61,1283.45,960.98,203989.94,1008.11,1805.44,1757.59,12296.73,11910.19,8835.59,22646.16,-0.01,0.33,-0.02,0.08,-0.07,-0.00,0.42,-0.67,-0.49,0.34,0.08,-0.00,1.00,,,,,,,,,,,
2026-03-18,momentum-T1-size10,1112.64,1283.48,961.00,203995.56,1008.14,1805.49,1757.64,12297.07,11910.52,8835.83,22646.79,-0.01,0.33,-0.02,0.08,-0.07,-0.01,0.41,-0.67,-0.50,0.34,0.08,-0.00,1.00,,,,,,,,,,,
2026-03-18,momentum-T1-size25,1112.72,1283.58,961.08,204011.08,1008.22,1805.63,1757.77,12298.01,11911.42,8836.50,22648.51,-0.01,0.33,-0.02,0.07,-0.08,-0.01,0.41,-0.67,-0.50,0.34,0.08,-0.01,1.00,,,,,,,,,,,
2026-03-18,momentum-T1-size50,1112.84,1283.71,961.18,204032.06,1008.32,1805.81,1757.96,12299.27,11912.65,8837.41,22650.84,-0.02,0.32,-0.02,0.07,-0.08,-0.01,0.41,-0.68,-0.50,0.34,0.07,-0.01,1.00,,,,,,,,,,,
2026-03-18,momentum-T2-size5,1112.50,1283.32,960.89,203970.75,1008.02,1805.27,1757.43,12295.58,11909.07,8834.76,22644.03,-0.01,0.33,-0.02,0.07,-0.08,-0.01,0.41,-0.67,-0.50,0.34,0.08,-0.01,1.00,,,,,,,,,,,
2026-03-18,momentum-T2-size10,1112.44,1283.26,960.84,203960.08,1007.97,1805.18,1757.33,12294.93,11908.45,8834.29,22642.85,-0.02,0.32,-0.03,0.07,-0.08,-0.01,0.40,-0.68,-0.50,0.33,0.07,-0.01,1.00,,,,,,,,,,,
2026-03-18,momentum-T2-size25,1112.34,1283.14,960.75,203940.97,1007.87,1805.01,1757.17,12293.78,11907.33,8833.47,22640.73,-0.03,0.31,-0.04,0.06,-0.09,-0.02,0.40,-0.69,-0.51,0.32,0.06,-0.02,1.00,,,,,,,,,,,
2026-03-18,momentum-T2-size50,1112.31,1283.10,960.72,203935.72,1007.85,1804.96,1757.13,12293.47,11907.03,8833.24,22640.15,-0.03,0.31,-0.04,0.06,-0.10,-0.03,0.39,-0.69,-0.52,0.32,0.06,-0.02,1.00,,,,,,,,,,,
2026-03-18,momentum-T4-size5,1112.37,1283.18,960.78,203947.49,1007.90,1805.07,1757.23,12294.17,11907.71,8833.75,22641.45,-0.02,0.32,-0.03,0.07,-0.09,-0.02,0.40,-0.68,-0.51,0.33,0.07,-0.01,1.00,,,,,,,,,,,
2026-03-18,momentum-T4-size10,1112.24,1283.02,960.66,203922.53,1007.78,1804.84,1757.01,12292.67,11906.25,8832.67,22638.68,-0.03,0.31,-0.04,0.06,-0.10,-0.03,0.39,-0.69,-0.52,0.32,0.06,-0.02,1.00,,,,,,,,,,,
2026-03-18,momentum-T4-size25,1112.08,1282.84,960.52,203893.67,1007.64,1804.59,1756.76,12290.93,11904.57,8831.42,22635.48,-0.05,0.29,-0.05,0.04,-0.11,-0.04,0.38,-0.71,-0.53,0.31,0.04,-0.04,1.00,,,,,,,,,,,
2026-03-18,momentum-T4-size50,1112.23,1283.00,960.65,203920.56,1007.77,1804.82,1757.00,12292.55,11906.14,8832.58,22638.46,-0.04,0.30,-0.05,0.05,-0.11,-0.04,0.38,-0.70,-0.53,0.31,0.05,-0.03,1.00,,,,,,,,,,,
2026-03-18,momentum-T6-size5,1112.23,1283.01,960.65,203920.99,1007.77,1804.83,1757.00,12292.58,11906.16,8832.60,22638.51,-0.03,0.31,-0.04,0.06,-0.09,-0.02,0.40,-0.69,-0.51,0.33,0.06,-0.02,1.00,,,,,,,,,,,
2026-03-18,momentum-T6-size10,1112.01,1282.76,960.46,203881.23,1007.58,1804.48,1756.66,12290.18,11903.84,8830.88,22634.10,-0.04,0.30,-0.05,0.05,-0.10,-0.03,0.38,-0.70,-0.52,0.31,0.05,-0.03,1.00,,,,,,,,,,,
2026-03-18,momentum-T6-size25,1111.79,1282.50,960.27,203840.29,1007.37,1804.11,1756.30,12287.71,11901.45,8829.10,22629.55,-0.05,0.29,-0.06,0.04,-0.11,-0.05,0.37,-0.71,-0.54,0.30,0.04,-0.04,1.00,,,,,,,,,,,
2026-03-18,momentum-T6-size50,1112.01,1282.75,960.46,203880.01,1007.57,1804.46,1756.65,12290.11,11903.77,8830.82,22633.96,-0.04,0.30,-0.05,0.05,-0.10,-0.03,0.39,-0.70,-0.52,0.32,0.05,-0.03,1.00,,,,,,,,,,,
2026-03-19,momentum-T1-size5,1112.17,1277.79,961.14,203921.18,1010.98,1812.27,1752.80,12235.36,11992.04,8810.03,22744.42,-0.04,-0.44,0.02,-0.03,0.28,0.38,-0.27,-0.50,0.69,-0.29,0.43,0.02,1.00,,,,,,,,,,,
2026-03-19,momentum-T1-size10,1112.38,1278.03,961.32,203959.39,1011.17,1812.61,1753.12,12237.65,11994.28,8811.68,22748.68,-0.02,-0.42,0.03,-0.02,0.30,0.39,-0.26,-0.48,0.70,-0.27,0.45,0.04,1.00,,,,,,,,,,,
2026-03-19,momentum-T1-size25,1112.92,1278.66,961.80,204059.23,1011.66,1813.50,1753.98,12243.64,12000.16,8815.99,22759.82,0.02,-0.38,0.07,0.02,0.34,0.44,-0.22,-0.44,0.74,-0.23,0.49,0.08,1.00,,,,,,,,,,,
2026-03-19,momentum-T1-size50,1113.60,1279.44,962.38,204183.97,1012.28,1814.61,1755.06,12251.13,12007.49,8821.38,22773.74,0.07,-0.33,0.13,0.07,0.39,0.49,-0.16,-0.39,0.80,-0.18,0.54,0.13,1.00,,,,,,,,,,,
2026-03-19,momentum-T2-size5,1112.18,1277.81,961.16,203924.23,1010.99,1812.30,1752.82,12235.54,11992.22,8810.16,22744.76,-0.03,-0.43,0.03,-0.02,0.29,0.39,-0.26,-0.49,0.70,-0.28,0.44,0.03,1.00,,,,,,,,,,,
2026-03-19,momentum-T2-size10,1112.40,1278.06,961.34,203963.35,1011.19,1812.65,1753.16,12237.89,11994.52,8811.85,22749.13,-0.00,-0.41,0.05,0.00,0.32,0.41,-0.24,-0.46,0.72,-0.25,0.47,0.06,1.00,,,,,,,,,,,
2026-03-19,momentum-T2-size25,1112.91,1278.65,961.79,204057.84,1011.65,1813.49,1753.97,12243.56,12000.07,8815.93,22759.67,0.05,-0.35,0.11,0.06,0.38,0.47,-0.18,-0.41,0.78,-0.20,0.53,0.11,1.00,,,,,,,,,,,
2026-03-19,momentum-T2-size50,1113.49,1279.31,962.29,204163.63,1012.18,1814.43,1754.88,12249.91,12006.30,8820.50,22771.47,0.11,-0.30,0.16,0.11,0.43,0.52,-0.13,-0.35,0.83,-0.14,0.58,0.17,1.00,,,,,,,,,,,
2026-03-19,momentum-T4-size5,1112.26,1277.90,961.22,203937.75,1011.06,1812.42,1752.94,12236.35,11993.01,8810.74,22746.27,-0.01,-0.41,0.05,-0.00,0.31,0.41,-0.24,-0.47,0.72,-0.26,0.46,0.05,1.00,,,,,,,,,,,
2026-03-19,momentum-T4-size10,1112.51,1278.19,961.44,203984.52,1011.29,1812.84,1753.34,12239.16,11995.76,8812.76,22751.49,0.02,-0.38,0.08,0.03,0.35,0.44,-0.21,-0.44,0.75,-0.23,0.50,0.08,1.00,,,,,,,,,,,
2026-03-19,momentum-T4-size25,1113.06,1278.82,961.92,204085.73,1011.79,1813.74,1754.21,12245.23,12001.72,8817.14,22762.78,0.09,-0.31,0.15,0.09,0.41,0.51,-0.15,-0.37,0.82,-0.16,0.56,0.15,1.00,,,,,,,,,,,
2026-03-19,momentum-T4-size50,1113.68,1279.54,962.46,204199.37,1012.35,1814.75,1755.19,12252.05,12008.40,8822.05,22775.46,0.13,-0.27,0.19,0.14,0.45,0.55,-0.10,-0.33,0.86,-0.12,0.61,0.19,1.00,,,,,,,,,,,
2026-03-19,momentum-T6-size5,1112.29,1277.94,961.25,203944.36,1011.09,1812.48,1753.00,12236.75,11993.40,8811.03,22747.01,0.01,-0.40,0.06,0.01,0.33,0.42,-0.23,-0.45,0.73,-0.24,0.48,0.07,1.00,,,,,,,,,,,
2026-03-19,momentum-T6-size10,1112.54,1278.22,961.47,203989.73,1011.32,1812.88,1753.39,12239.47,11996.07,8812.99,22752.07,0.05,-0.35,0.10,0.05,0.37,0.47,-0.19,-0.41,0.77,-0.20,0.52,0.11,1.00,,,,,,,,,,,
2026-03-19,momentum-T6-size25,1113.00,1278.75,961.87,204074.70,1011.73,1813.64,1754.12,12244.57,12001.07,8816.66,22761.55,0.11,-0.29,0.17,0.11,0.43,0.53,-0.12,-0.35,0.84,-0.14,0.58,0.17,1.00,,,,,,,,,,,
2026-03-19,momentum-T6-size50,1113.57,1279.40,962.36,204177.76,1012.24,1814.56,1755.01,12250.76,12007.13,8821.11,22773.05,0.14,-0.26,0.20,0.15,0.46,0.56,-0.09,-0.32,0.87,-0.11,0.61,0.20,1.00,,,,,,,,,,,
2026-03-20,momentum-T1-size5,1109.96,1283.78,957.08,203206.35,1012.62,1811.54,1762.18,12195.75,11932.44,8846.19,22785.25,-0.20,0.47,-0.42,-0.35,0.16,-0.04,0.54,-0.32,-0.50,0.41,0.18,-0.01,1.00,,,,,,,,,,,
2026-03-20,momentum-T1-size10,1110.11,1283.96,957.21,203233.74,1012.76,1811.79,1762.42,12197.39,11934.05,8847.38,22788.32,-0.20,0.46,-0.43,-0.36,0.16,-0.05,0.53,-0.33,-0.50,0.41,0.17,-0.01,1.00,,,,,,,,,,,
2026-03-20,momentum-T1-size25,1110.50,1284.40,957.54,203304.84,1013.11,1812.42,1763.04,12201.66,11938.23,8850.48,22796.29,-0.22,0.45,-0.44,-0.37,0.14,-0.06,0.52,-0.34,-0.52,0.39,0.16,-0.03,1.00,,,,,,,,,,,
2026-03-20,momentum-T1-size50,1110.98,1284.95,957.95,203392.14,1013.55,1813.20,1763.79,12206.90,11943.35,8854.28,22806.08,-0.24,0.43,-0.46,-0.39,0.13,-0.08,0.50,-0.36,-0.53,0.37,0.14,-0.04,1.00,,,,,,,,,,,
2026-03-20,momentum-T2-size5,1109.93,1283.74,957.05,203199.59,1012.59,1811.48,1762.12,12195.34,11932.05,8845.90,22784.49,-0.20,0.46,-0.43,-0.36,0.16,-0.05,0.53,-0.33,-0.50,0.41,0.17,-0.01,1.00,,,,,,,,,,,
2026-03-20,momentum-T2-size10,1110.04,1283.87,957.15,203220.66,1012.69,1811.67,1762.31,12196.61,11933.28,8846.81,22786.85,-0.21,0.46,-0.44,-0.36,0.15,-0.05,0.52,-0.34,-0.51,0.40,0.17,-0.02,1.00,,,,,,,,,,,
2026-03-20,momentum-T2-size25,1110.35,1284.23,957.41,203277.09,1012.97,1812.17,1762.79,12199.99,11936.60,8849.27,22793.18,-0.23,0.44,-0.46,-0.38,0.13,-0.07,0.50,-0.36,-0.53,0.38,0.15,-0.04,1.00,,,,,,,,,,,
2026-03-20,momentum-T2-size50,1110.79,1284.73,957.78,203356.48,1013.37,1812.88,1763.48,12204.75,11941.26,8852.73,22802.08,-0.24,0.42,-0.47,-0.40,0.12,-0.09,0.49,-0.37,-0.54,0.37,0.13,-0.05,1.00,,,,,,,,,,,
2026-03-20,momentum-T4-size5,1109.88,1283.69,957.01,203190.97,1012.54,1811.41,1762.05,12194.82,11931.54,8845.52,22783.53,-0.21,0.45,-0.44,-0.37,0.15,-0.06,0.52,-0.34,-0.51,0.39,0.16,-0.02,1.00,,,,,,,,,,,
2026-03-20,momentum-T4-size10,1109.95,1283.76,957.07,203203.39,1012.61,1811.52,1762.16,12195.57,11932.27,8846.06,22784.92,-0.23,0.44,-0.46,-0.38,0.13,-0.07,0.50,-0.36,-0.53,0.38,0.15,-0.04,1.00,,,,,,,,,,,
2026-03-20,momentum-T4-size25,1110.16,1284.01,957.25,203241.95,1012.80,1811.86,1762.49,12197.88,11934.53,8847.74,22789.24,-0.26,0.41,-0.49,-0.41,0.10,-0.10,0.47,-0.39,-0.56,0.35,0.12,-0.07,1.00,,,,,,,,,,,
2026-03-20,momentum-T4-size50,1110.62,1284.53,957.64,203325.16,1013.22,1812.60,1763.21,12202.87,11939.42,8851.36,22798.57,-0.28,0.39,-0.50,-0.43,0.09,-0.12,0.46,-0.40,-0.57,0.33,0.10,-0.08,1.00,,,,,,,,,,,
2026-03-20,momentum-T6-size5,1109.79,1283.58,956.93,203174.89,1012.46,1811.26,1761.91,12193.86,11930.60,8844.82,22781.72,-0.22,0.44,-0.45,-0.38,0.14,-0.07,0.51,-0.35,-0.52,0.38,0.15,-0.03,1.00,,,,,,,,,,,
2026-03-20,momentum-T6-size10,1109.78,1283.57,956.92,203172.69,1012.45,1811.24,1761.89,12193.73,11930.47,8844.73,22781.47,-0.25,0.42,-0.47,-0.40,0.11,-0.09,0.48,-0.37,-0.55,0.36,0.13,-0.06,1.00,,,,,,,,,,,
2026-03-20,momentum-T6-size25,1109.83,1283.62,956.96,203181.25,1012.50,1811.32,1761.96,12194.24,11930.97,8845.10,22782.43,-0.29,0.38,-0.51,-0.44,0.08,-0.13,0.45,-0.41,-0.58,0.32,0.09,-0.09,1.00,,,,,,,,,,,
2026-03-20,momentum-T6-size50,1110.16,1284.00,957.25,203242.17,1012.80,1811.86,1762.49,12197.89,11934.54,8847.75,22789.26,-0.31,0.36,-0.53,-0.46,0.06,-0.15,0.43,-0.43,-0.60,0.30,0.07,-0.12,1.00,,,,,,,,,,,
2026-03-21,momentum-T1-size5,1103.78,1279.44,958.81,203740.94,1008.45,1822.14,1755.90,12239.19,11954.25,8810.61,22900.20,-0.56,-0.34,0.18,0.26,-0.41,0.58,-0.36,0.36,0.18,-0.40,0.50,0.00,1.00,,,,,,,,,,,
2026-03-21,momentum-T1-size10,1103.92,1279.60,958.92,203765.85,1008.58,1822.36,1756.12,12240.68,11955.71,8811.69,22903.00,-0.56,-0.34,0.18,0.26,-0.41,0.58,-0.36,0.35,0.18,-0.40,0.50,-0.00,1.00,,,,,,,,,,,
2026-03-21,momentum-T1-size25,1104.27,1280.01,959.23,203830.80,1008.90,1822.94,1756.68,12244.59,11959.52,8814.50,22910.30,-0.56,-0.34,0.18,0.26,-0.42,0.58,-0.36,0.35,0.18,-0.41,0.50,-0.00,1.00,,,,,,,,,,,
2026-03-21,momentum-T1-size50,1104.70,1280.51,959.61,203911.16,1009.29,1823.66,1757.37,12249.42,11964.23,8817.98,22919.33,-0.57,-0.35,0.17,0.26,-0.42,0.58,-0.36,0.35,0.17,-0.41,0.50,-0.01,1.00,,,,,,,,,,,
2026-03-21,momentum-T2-size5,1103.73,1279.39,958.76,203731.75,1008.41,1822.06,1755.83,12238.64,11953.71,8810.22,22899.16,-0.56,-0.34,0.18,0.26,-0.41,0.58,-0.36,0.35,0.18,-0.40,0.50,-0.00,1.00,,,,,,,,,,,
2026-03-21,momentum-T2-size10,1103.82,1279.49,958.84,203747.85,1008.49,1822.20,1755.96,12239.60,11954.65,8810.91,22900.97,-0.56,-0.34,0.18,0.26,-0.42,0.58,-0.36,0.35,0.18,-0.41,0.50,-0.00,1.00,,,,,,,,,,,
2026-03-21,momentum-T2-size25,1104.05,1279.75,959.04,203790.19,1008.70,1822.58,1756.33,12242.15,11957.13,8812.74,22905.73,-0.57,-0.35,0.17,0.25,-0.42,0.57,-0.37,0.35,0.17,-0.41,0.49,-0.01,1.00,,,,,,,,,,,
2026-03-21,momentum-T2-size50,1104.35,1280.10,959.30,203846.29,1008.97,1823.08,1756.82,12245.52,11960.42,8815.17,22912.03,-0.58,-0.36,0.16,0.24,-0.43,0.56,-0.38,0.33,0.16,-0.42,0.48,-0.02,1.00,,,,,,,,,,,
2026-03-21,momentum-T4-size5,1103.68,1279.32,958.72,203721.66,1008.36,1821.97,1755.74,12238.03,11953.11,8809.78,22898.03,-0.56,-0.34,0.18,0.26,-0.41,0.58,-0.36,0.35,0.18,-0.40,0.50,-0.00,1.00,,,,,,,,,,,
2026-03-21,momentum-T4-size10,1103.72,1279.37,958.75,203729.75,1008.40,1822.04,1755.81,12238.52,11953.59,8810.13,22898.94,-0.56,-0.34,0.18,0.26,-0.42,0.58,-0.36,0.35,0.18,-0.41,0.50,-0.00,1.00,,,,,,,,,,,
2026-03-21,momentum-T4-size25,1103.89,1279.57,958.90,203761.34,1008.55,1822.32,1756.08,12240.42,11955.44,8811.50,22902.49,-0.57,-0.35,0.17,0.26,-0.42,0.58,-0.36,0.35,0.18,-0.41,0.50,-0.01,1.00,,,,,,,,,,,
2026-03-21,momentum-T4-size50,1104.27,1280.01,959.23,203831.33,1008.90,1822.95,1756.69,12244.62,11959.55,8814.52,22910.35,-0.57,-0.35,0.17,0.25,-0.43,0.57,-0.37,0.34,0.17,-0.42,0.49,-0.01,1.00,,,,,,,,,,,
2026-03-21,momentum-T6-size5,1103.60,1279.23,958.65,203707.41,1008.29,1821.84,1755.62,12237.17,11952.28,8809.16,22896.43,-0.56,-0.34,0.18,0.26,-0.41,0.58,-0.36,0.36,0.18,-0.40,0.50,-0.00,1.00,,,,,,,,,,,
2026-03-21,momentum-T6-size10,1103.56,1279.19,958.61,203700.27,1008.25,1821.78,1755.56,12236.75,11951.86,8808.86,22895.62,-0.56,-0.34,0.18,0.26,-0.42,0.58,-0.36,0.35,0.18,-0.41,0.50,-0.00,1.00,,,,,,,,,,,
2026-03-21,momentum-T6-size25,1103.50,1279.12,958.57,203689.95,1008.20,1821.69,1755.47,12236.13,11951.25,8808.41,22894.46,-0.57,-0.35,0.17,0.25,-0.42,0.57,-0.37,0.34,0.17,-0.41,0.49,-0.01,1.00,,,,,,,,,,,
2026-03-21,momentum-T6-size50,1103.57,1279.21,958.63,203703.85,1008.26,1821.81,1755.59,12236.97,11952.06,8809.01,22896.02,-0.59,-0.37,0.14,0.23,-0.45,0.55,-0.39,0.32,0.15,-0.44,0.47,-0.04,1.00,,,,,,,,,,,
2026-03-22,momentum-T1-size5,1103.89,1279.62,959.21,203767.37,1008.40,1820.95,1755.48,12238.33,11954.80,8809.72,22906.12,0.01,0.01,0.04,0.01,-0.01,-0.07,-0.02,-0.01,0.00,-0.01,0.03,-0.00,1.00,,,,,,,,,,,
2026-03-22,momentum-T1-size10,1104.03,1279.78,959.33,203792.13,1008.52,1821.17,1755.70,12239.82,11956.25,8810.79,22908.91,0.01,0.01,0.04,0.01,-0.01,-0.07,-0.02,-0.01,0.00,-0.01,0.03,-0.00,1.00,,,,,,,,,,,
2026-03-22,momentum-T1-size25,1104.38,1280.19,959.64,203857.74,1008.85,1821.76,1756.26,12243.76,11960.10,8813.63,22916.28,0.01,0.01,0.04,0.01,-0.00,-0.07,-0.02,-0.01,0.00,-0.01,0.03,0.00,1.00,,,,,,,,,,,
2026-03-22,momentum-T1-size50,1104.84,1280.72,960.03,203941.77,1009.26,1822.51,1756.99,12248.81,11965.03,8817.26,22925.73,0.01,0.02,0.04,0.02,-0.00,-0.06,-0.02,-0.00,0.01,-0.01,0.03,0.00,1.00,,,,,,,,,,,
2026-03-22,momentum-T2-size5,1103.84,1279.56,959.17,203758.18,1008.36,1820.86,1755.40,12237.78,11954.26,8809.32,22905.09,0.01,0.01,0.04,0.01,-0.01,-0.07,-0.02,-0.01,0.00,-0.01,0.03,-0.00,1.00,,,,,,,,,,,
2026-03-22,momentum-T2-size10,1103.93,1279.67,959.24,203774.40,1008.44,1821.01,1755.54,12238.75,11955.21,8810.03,22906.91,0.01,0.01,0.04,0.01,-0.01,-0.07,-0.02,-0.01,0.00,-0.01,0.03,-0.00,1.00,,,,,,,,,,,
2026-03-22,momentum-T2-size25,1104.18,1279.95,959.46,203819.28,1008.66,1821.41,1755.93,12241.45,11957.85,8811.97,22911.96,0.01,0.02,0.04,0.01,-0.00,-0.06,-0.02,-0.01,0.01,-0.01,0.03,0.00,1.00,,,,,,,,,,,
2026-03-22,momentum-T2-size50,1104.53,1280.35,959.76,203883.24,1008.97,1821.99,1756.48,12245.29,11961.60,8814.73,22919.15,0.02,0.02,0.05,0.02,0.00,-0.06,-0.02,-0.00,0.01,-0.00,0.03,0.01,1.00,,,,,,,,,,,
2026-03-22,momentum-T4-size5,1103.79,1279.50,959.12,203747.53,1008.30,1820.77,1755.31,12237.14,11953.64,8808.86,22903.89,0.01,0.01,0.04,0.01,-0.01,-0.07,-0.02,-0.01,0.00,-0.01,0.03,-0.00,1.00,,,,,,,,,,,
2026-03-22,momentum-T4-size10,1103.83,1279.55,959.16,203755.98,1008.34,1820.85,1755.38,12237.65,11954.13,8809.23,22904.84,0.01,0.01,0.04,0.01,-0.01,-0.07,-0.02,-0.01,0.00,-0.01,0.03,-0.00,1.00,,,,,,,,,,,
2026-03-22,momentum-T4-size25,1104.04,1279.78,959.33,203793.26,1008.53,1821.18,1755.71,12239.89,11956.32,8810.84,22909.03,0.01,0.02,0.05,0.02,-0.00,-0.06,-0.02,-0.00,0.01,-0.01,0.03,0.00,1.00,,,,,,,,,,,
2026-03-22,momentum-T4-size50,1104.48,1280.30,959.72,203875.15,1008.93,1821.92,1756.41,12244.81,11961.12,8814.39,22918.24,0.02,0.02,0.05,0.02,0.00,-0.06,-0.02,0.00,0.01,-0.00,0.03,0.01,1.00,,,,,,,,,,,
2026-03-22,momentum-T6-size5,1103.71,1279.41,959.05,203733.15,1008.23,1820.64,1755.19,12236.28,11952.79,8808.24,22902.28,0.01,0.01,0.04,0.01,-0.01,-0.07,-0.02,-0.01,0.00,-0.01,0.03,-0.00,1.00,,,,,,,,,,,
2026-03-22,momentum-T6-size10,1103.68,1279.37,959.02,203727.13,1008.20,1820.59,1755.14,12235.91,11952.44,8807.98,22901.60,0.01,0.01,0.04,0.01,-0.01,-0.07,-0.02,-0.01,0.00,-0.01,0.03,0.00,1.00,,,,,,,,,,,
2026-03-22,momentum-T6-size25,1103.67,1279.36,959.02,203726.06,1008.19,1820.58,1755.13,12235.85,11952.38,8807.94,22901.48,0.02,0.02,0.05,0.02,-0.00,-0.06,-0.02,-0.00,0.01,-0.01,0.03,0.00,1.00,,,,,,,,,,,
2026-03-22,momentum-T6-size50,1103.83,1279.53,959.15,203753.58,1008.33,1820.83,1755.36,12237.51,11953.99,8809.13,22904.57,0.02,0.03,0.05,0.02,0.01,-0.05,-0.01,0.00,0.02,0.00,0.04,0.01,1.00,,,,,,,,,,,
2026-03-23,momentum-T1-size5,1105.43,1276.43,958.22,203674.36,1007.23,1827.80,1749.98,12237.62,11956.63,8822.91,22937.03,0.14,-0.25,-0.10,-0.05,-0.12,0.38,-0.31,-0.01,0.02,0.15,0.13,-0.00,1.00,,,,,,,,,,,
2026-03-23,momentum-T1-size10,1105.54,1276.56,958.31,203694.50,1007.33,1827.98,1750.15,12238.83,11957.81,8823.79,22939.30,0.14,-0.25,-0.11,-0.05,-0.12,0.37,-0.32,-0.01,0.01,0.15,0.13,-0.00,1.00,,,,,,,,,,,
2026-03-23,momentum-T1-size25,1105.84,1276.90,958.56,203748.66,1007.60,1828.47,1750.62,12242.08,11960.99,8826.13,22945.40,0.13,-0.26,-0.11,-0.05,-0.12,0.37,-0.32,-0.01,0.01,0.14,0.13,-0.01,1.00,,,,,,,,,,,
2026-03-23,momentum-T1-size50,1106.22,1277.34,958.89,203819.62,1007.95,1829.11,1751.23,12246.35,11965.15,8829.20,22953.39,0.13,-0.26,-0.12,-0.06,-0.13,0.36,-0.33,-0.02,0.00,0.14,0.12,-0.02,1.00,,,,,,,,,,,
2026-03-23,momentum-T2-size5,1105.35,1276.34,958.14,203658.90,1007.15,1827.66,1749.85,12236.69,11955.72,8822.25,22935.29,0.14,-0.25,-0.11,-0.05,-0.12,0.37,-0.32,-0.01,0.01,0.15,0.13,-0.00,1.00,,,,,,,,,,,
2026-03-23,momentum-T2-size10,1105.38,1276.37,958.17,203665.05,1007.18,1827.72,1749.90,12237.06,11956.08,8822.51,22935.99,0.13,-0.26,-0.11,-0.05,-0.12,0.37,-0.32,-0.01,0.01,0.14,0.13,-0.01,1.00,,,,,,,,,,,
2026-03-23,momentum-T2-size25,1105.50,1276.51,958.27,203686.19,1007.29,1827.91,1750.08,12238.33,11957.32,8823.42,22938.37,0.12,-0.27,-0.12,-0.07,-0.14,0.36,-0.33,-0.03,-0.00,0.13,0.12,-0.02,1.00,,,,,,,,,,,
2026-03-23,momentum-T2-size50,1105.71,1276.75,958.45,203724.78,1007.48,1828.26,1750.42,12240.65,11959.58,8825.09,22942.72,0.11,-0.28,-0.14,-0.08,-0.15,0.34,-0.35,-0.04,-0.02,0.12,0.10,-0.03,1.00,,,,,,,,,,,
2026-03-23,momentum-T4-size5,1105.26,1276.23,958.06,203642.45,1007.07,1827.52,1749.71,12235.70,11954.76,8821.53,22933.44,0.13,-0.26,-0.11,-0.05,-0.12,0.37,-0.32,-0.01,0.01,0.14,0.13,-0.01,1.00,,,,,,,,,,,
2026-03-23,momentum-T4-size10,1105.23,1276.20,958.04,203636.60,1007.04,1827.46,1749.66,12235.35,11954.41,8821.28,22932.78,0.13,-0.26,-0.12,-0.06,-0.13,0.36,-0.33,-0.02,0.00,0.14,0.12,-0.01,1.00,,,,,,,,,,,
2026-03-23,momentum-T4-size25,1105.26,1276.23,958.06,203642.49,1007.07,1827.52,1749.71,12235.71,11954.75,8821.53,22933.45,0.11,-0.28,-0.13,-0.07,-0.14,0.35,-0.34,-0.03,-0.01,0.12,0.11,-0.03,1.00,,,,,,,,,,,
2026-03-23,momentum-T4-size50,1105.51,1276.52,958.27,203688.06,1007.30,1827.93,1750.10,12238.45,11957.43,8823.50,22938.58,0.09,-0.29,-0.15,-0.09,-0.16,0.33,-0.36,-0.05,-0.03,0.10,0.09,-0.05,1.00,,,,,,,,,,,
2026-03-23,momentum-T6-size5,1105.17,1276.13,957.99,203625.92,1006.99,1827.37,1749.57,12234.71,11953.79,8820.82,22931.58,0.13,-0.26,-0.11,-0.05,-0.12,0.37,-0.32,-0.01,0.01,0.14,0.13,-0.01,1.00,,,,,,,,,,,
2026-03-23,momentum-T6-size10,1105.05,1275.99,957.88,203603.76,1006.88,1827.17,1749.38,12233.38,11952.48,8819.85,22929.08,0.12,-0.26,-0.12,-0.06,-0.13,0.36,-0.33,-0.02,0.00,0.13,0.12,-0.02,1.00,,,,,,,,,,,
2026-03-23,momentum-T6-size25,1104.84,1275.75,957.70,203565.34,1006.69,1826.82,1749.05,12231.07,11950.22,8818.19,22924.76,0.11,-0.28,-0.14,-0.08,-0.15,0.34,-0.35,-0.04,-0.02,0.12,0.10,-0.03,1.00,,,,,,,,,,,
2026-03-23,momentum-T6-size50,1104.74,1275.63,957.60,203545.88,1006.60,1826.65,1748.88,12229.90,11949.08,8817.34,22922.57,0.08,-0.31,-0.16,-0.10,-0.17,0.32,-0.37,-0.06,-0.04,0.09,0.08,-0.06,1.00,,,,,,,,,,,
2026-03-24,momentum-T1-size5,1101.38,1276.54,952.21,202460.72,1005.85,1829.17,1754.85,12459.68,11957.82,8799.90,22776.64,-0.37,0.01,-0.63,-0.60,-0.14,0.07,0.28,1.81,0.01,-0.26,-0.70,-0.05,1.00,,,,,,,,,,,
2026-03-24,momentum-T1-size10,1101.03,1276.14,951.90,202396.35,1005.53,1828.59,1754.29,12455.72,11954.02,8797.10,22769.40,-0.41,-0.03,-0.67,-0.64,-0.18,0.03,0.24,1.77,-0.03,-0.30,-0.74,-0.09,1.00,,,,,,,,,,,
2026-03-24,momentum-T1-size25,1100.15,1275.12,951.15,202235.09,1004.73,1827.13,1752.89,12445.79,11944.50,8790.09,22751.26,-0.51,-0.14,-0.77,-0.74,-0.28,-0.07,0.13,1.66,-0.14,-0.41,-0.85,-0.19,1.00,,,,,,,,,,,
2026-03-24,momentum-T1-size50,1099.15,1273.96,950.28,202050.31,1003.82,1825.46,1751.29,12434.42,11933.58,8782.06,22730.47,-0.64,-0.26,-0.90,-0.87,-0.41,-0.20,0.00,1.54,-0.26,-0.53,-0.97,-0.32,1.00,,,,,,,,,,,
2026-03-24,momentum-T2-size5,1101.13,1276.25,951.99,202413.86,1005.62,1828.75,1754.45,12456.79,11955.05,8797.86,22771.37,-0.38,-0.01,-0.64,-0.61,-0.15,0.06,0.26,1.80,-0.01,-0.28,-0.71,-0.06,1.00,,,,,,,,,,,
2026-03-24,momentum-T2-size10,1100.56,1275.59,951.50,202309.42,1005.10,1827.80,1753.54,12450.37,11948.88,8793.32,22759.62,-0.44,-0.06,-0.70,-0.67,-0.21,0.00,0.21,1.74,-0.06,-0.33,-0.77,-0.12,1.00,,,,,,,,,,,
2026-03-24,momentum-T2-size25,1099.21,1274.03,950.33,202062.03,1003.87,1825.57,1751.39,12435.14,11934.28,8782.57,22731.79,-0.57,-0.19,-0.83,-0.80,-0.34,-0.13,0.07,1.61,-0.19,-0.46,-0.90,-0.25,1.00,,,,,,,,,,,
2026-03-24,momentum-T2-size50,1097.80,1272.40,949.11,201802.25,1002.58,1823.22,1749.14,12419.16,11918.93,8771.28,22702.57,-0.72,-0.34,-0.97,-0.94,-0.49,-0.28,-0.07,1.46,-0.34,-0.61,-1.05,-0.40,1.00,,,,,,,,,,,
2026-03-24,momentum-T4-size5,1100.76,1275.83,951.67,202346.68,1005.29,1828.14,1753.86,12452.66,11951.08,8794.94,22763.81,-0.41,-0.03,-0.67,-0.64,-0.18,0.03,0.24,1.77,-0.03,-0.30,-0.74,-0.09,1.00,,,,,,,,,,,
2026-03-24,momentum-T4-size10,1099.96,1274.90,950.98,202199.21,1004.56,1826.81,1752.58,12443.59,11942.38,8788.53,22747.22,-0.48,-0.10,-0.74,-0.71,-0.25,-0.04,0.17,1.70,-0.10,-0.37,-0.81,-0.16,1.00,,,,,,,,,,,
2026-03-24,momentum-T4-size25,1098.43,1273.13,949.66,201918.20,1003.16,1824.27,1750.15,12426.29,11925.78,8776.32,22715.61,-0.62,-0.24,-0.88,-0.85,-0.39,-0.18,0.02,1.56,-0.24,-0.51,-0.95,-0.30,1.00,,,,,,,,,,,
2026-03-24,momentum-T4-size50,1097.35,1271.87,948.72,201719.29,1002.17,1822.47,1748.42,12414.05,11914.04,8767.67,22693.23,-0.74,-0.36,-1.00,-0.97,-0.51,-0.30,-0.10,1.43,-0.36,-0.63,-1.07,-0.42,1.00,,,,,,,,,,,
2026-03-24,momentum-T6-size5,1100.41,1275.42,951.37,202282.31,1004.97,1827.56,1753.30,12448.70,11947.28,8792.14,22756.57,-0.43,-0.06,-0.69,-0.66,-0.20,0.01,0.21,1.75,-0.05,-0.33,-0.76,-0.11,1.00,,,,,,,,,,,
2026-03-24,momentum-T6-size10,1099.38,1274.22,950.48,202092.29,1004.02,1825.84,1751.66,12437.01,11936.06,8783.88,22735.19,-0.51,-0.14,-0.77,-0.74,-0.28,-0.07,0.13,1.66,-0.14,-0.41,-0.85,-0.19,1.00,,,,,,,,,,,
2026-03-24,momentum-T6-size25,1097.49,1272.04,948.84,201745.27,1002.30,1822.70,1748.65,12415.65,11915.57,8768.80,22696.16,-0.67,-0.29,-0.92,-0.89,-0.44,-0.23,-0.02,1.51,-0.29,-0.56,-1.00,-0.35,1.00,,,,,,,,,,,
2026-03-24,momentum-T6-size50,1096.02,1270.33,947.57,201475.22,1000.96,1820.26,1746.30,12399.03,11899.62,8757.06,22665.78,-0.79,-0.42,-1.05,-1.02,-0.56,-0.35,-0.15,1.38,-0.41,-0.68,-1.12,-0.47,1.00,,,,,,,,,,,
2026-03-25,momentum-T1-size5,1101.19,1278.11,953.48,202979.81,1008.34,1831.03,1760.01,12410.61,11918.90,8806.33,22672.50,-0.02,0.12,0.13,0.26,0.25,0.10,0.29,-0.39,-0.33,0.07,-0.46,0.00,1.00,0.1753,0.1145,0.2573,-0.1082,0.0089,0.0113,0.0296,0.0000,-0.0260,0.0654,0.2019
2026-03-25,momentum-T1-size10,1100.89,1277.75,953.22,202923.40,1008.06,1830.52,1759.52,12407.16,11915.58,8803.88,22666.20,-0.01,0.13,0.14,0.26,0.25,0.11,0.30,-0.39,-0.32,0.08,-0.45,0.01,1.00,0.1753,0.1145,0.2573,-0.1082,0.0089,0.0113,0.0296,0.0000,-0.0260,0.0654,0.2019
2026-03-25,momentum-T1-size25,1100.12,1276.86,952.56,202781.79,1007.35,1829.24,1758.29,12398.51,11907.27,8797.74,22650.38,-0.00,0.14,0.15,0.27,0.26,0.12,0.31,-0.38,-0.31,0.09,-0.44,0.02,1.00,0.1753,0.1145,0.2573,-0.1082,0.0089,0.0113,0.0296,0.0000,-0.0260,0.0654,0.2019
2026-03-25,momentum-T1-size50,1099.23,1275.83,951.79,202617.82,1006.53,1827.76,1756.87,12388.48,11897.64,8790.63,22632.07,0.01,0.15,0.16,0.28,0.27,0.13,0.32,-0.37,-0.30,0.10,-0.43,0.03,1.00,0.1753,0.1145,0.2573,-0.1082,0.0089,0.0113,0.0296,0.0000,-0.0260,0.0654,0.2019
2026-03-25,momentum-T2-size5,1100.95,1277.82,953.27,202934.42,1008.11,1830.62,1759.62,12407.84,11916.23,8804.36,22667.43,-0.02,0.12,0.13,0.26,0.25,0.10,0.29,-0.39,-0.32,0.07,-0.46,0.00,1.00,0.1753,0.1145,0.2573,-0.1082,0.0089,0.0113,0.0296,0.0000,-0.0260,0.0654,0.2019
2026-03-25,momentum-T2-size10,1100.43,1277.22,952.83,202839.79,1007.64,1829.77,1758.80,12402.05,11910.67,8800.26,22656.86,-0.01,0.13,0.14,0.26,0.25,0.11,0.30,-0.39,-0.32,0.08,-0.45,0.01,1.00,0.1753,0.1145,0.2573,-0.1082,0.0089,0.0113,0.0296,0.0000,-0.0260,0.0654,0.2019
2026-03-25,momentum-T2-size25,1099.23,1275.83,951.79,202618.31,1006.54,1827.77,1756.87,12388.51,11897.67,8790.65,22632.13,0.00,0.14,0.15,0.28,0.27,0.12,0.31,-0.38,-0.31,0.09,-0.44,0.02,1.00,0.1753,0.1145,0.2573,-0.1082,0.0089,0.0113,0.0296,0.0000,-0.0260,0.0654,0.2019
2026-03-25,momentum-T2-size50,1098.00,1274.40,950.72,202390.89,1005.40,1825.71,1754.90,12374.61,11884.31,8780.78,22606.72,0.02,0.16,0.17,0.29,0.28,0.14,0.33,-0.36,-0.29,0.11,-0.42,0.04,1.00,0.1753,0.1145,0.2573,-0.1082,0.0089,0.0113,0.0296,0.0000,-0.0260,0.0654,0.2019
2026-03-25,momentum-T4-size5,1100.58,1277.39,952.95,202866.12,1007.77,1830.01,1759.02,12403.66,11912.22,8801.40,22659.80,-0.02,0.12,0.13,0.26,0.25,0.10,0.29,-0.39,-0.33,0.07,-0.46,0.00,1.00,0.1753,0.1145,0.2573,-0.1082,0.0089,0.0113,0.0296,0.0000,-0.0260,0.0654,0.2019
2026-03-25,momentum-T4-size10,1099.83,1276.52,952.31,202728.71,1007.09,1828.76,1757.83,12395.26,11904.15,8795.44,22644.46,-0.01,0.13,0.14,0.26,0.25,0.11,0.30,-0.39,-0.32,0.08,-0.45,0.01,1.00,0.1753,0.1145,0.2573,-0.1082,0.0089,0.0113,0.0296,0.0000,-0.0260,0.0654,0.2019
2026-03-25,momentum-T4-size25,1098.46,1274.93,951.12,202475.68,1005.83,1826.48,1755.64,12379.79,11889.29,8784.46,22616.20,0.00,0.14,0.15,0.28,0.27,0.12,0.31,-0.37,-0.31,0.09,-0.44,0.02,1.00,0.1753,0.1145,0.2573,-0.1082,0.0089,0.0113,0.0296,0.0000,-0.0260,0.0654,0.2019
2026-03-25,momentum-T4-size50,1097.58,1273.91,950.36,202313.08,1005.02,1825.01,1754.23,12369.85,11879.74,8777.41,22598.03,0.02,0.16,0.17,0.29,0.28,0.14,0.33,-0.36,-0.29,0.11,-0.42,0.04,1.00,0.1753,0.1145,0.2573,-0.1082,0.0089,0.0113,0.0296,0.0000,-0.0260,0.0654,0.2019
2026-03-25,momentum-T6-size5,1100.21,1276.97,952.64,202799.01,1007.44,1829.40,1758.44,12399.56,11908.28,8798.49,22652.31,-0.02,0.12,0.13,0.26,0.25,0.10,0.29,-0.39,-0.33,0.07,-0.46,0.00,1.00,0.1753,0.1145,0.2573,-0.1082,0.0089,0.0113,0.0296,0.0000,-0.0260,0.0654,0.2019
2026-03-25,momentum-T6-size10,1099.25,1275.84,951.80,202620.56,1006.55,1827.79,1756.89,12388.65,11897.80,8790.75,22632.38,-0.01,0.13,0.14,0.26,0.25,0.11,0.30,-0.39,-0.32,0.08,-0.45,0.01,1.00,0.1753,0.1145,0.2573,-0.1082,0.0089,0.0113,0.0296,0.0000,-0.0260,0.0654,0.2019
2026-03-25,momentum-T6-size25,1097.57,1273.90,950.35,202311.66,1005.01,1825.00,1754.22,12369.76,11879.66,8777.34,22597.87,0.01,0.15,0.16,0.28,0.27,0.13,0.32,-0.37,-0.30,0.10,-0.43,0.03,1.00,0.1753,0.1145,0.2573,-0.1082,0.0089,0.0113,0.0296,0.0000,-0.0260,0.0654,0.2019
2026-03-25,momentum-T6-size50,1096.38,1272.52,949.32,202092.28,1003.92,1823.02,1752.31,12356.35,11866.77,8767.83,22573.37,0.03,0.17,0.18,0.31,0.30,0.15,0.34,-0.34,-0.28,0.12,-0.41,0.05,1.00,0.1753,0.1145,0.2573,-0.1082,0.0089,0.0113,0.0296,0.0000,-0.0260,0.0654,0.2019
